Age,Gender,Income,Employment Type,Marital Status,Loan Amount,Loan Term,Interest Rate,Credit History,Debt-to-Income Ratio,Credit Score,Loan Approval Status
59,Female,79410.03,Unemployed,Married,233663.73,259,11.11,Good,0.2,424,1
49,Female,98514.52,Self-Employed,Divorced,495836.26,258,5.12,Good,0.35,366,0
35,Female,85297.49,Unemployed,Married,485521.23,166,10.07,Good,0.74,305,1
63,Female,90181.88,Self-Employed,Divorced,471446.12,45,5.63,Good,0.79,613,1
28,Female,83226.47,Self-Employed,Divorced,393002.12,140,6.7,Poor,0.21,625,0
41,Female,73164.17,Salaried,Married,180646.47,171,6.02,Good,0.86,805,1
59,Male,120344.66,Salaried,Single,209004.81,100,5.6,Fair,0.36,381,1
39,Male,21586.4,Salaried,Married,277059.94,104,13.0,Poor,0.63,301,0
43,Male,97797.55,Unemployed,Married,416114.56,338,6.79,Good,0.7,503,0
31,Female,93516.09,Self-Employed,Married,39012.85,252,14.16,Poor,0.75,703,1
31,Female,113103.28,Salaried,Married,215026.96,334,14.65,Poor,0.86,402,1
44,Male,97873.82,Salaried,Single,45895.74,128,10.07,Good,0.35,835,0
56,Female,127483.85,Self-Employed,Divorced,259755.51,105,5.14,Fair,0.79,667,1
60,Female,144679.72,Unemployed,Married,449955.91,174,7.81,Good,0.21,511,1
44,Female,64528.15,Self-Employed,Divorced,392330.04,110,12.67,Poor,0.66,508,1
23,Male,49555.63,Unemployed,Divorced,117782.0,124,7.72,Fair,0.69,416,0
42,Male,75067.59,Unemployed,Married,488115.47,102,4.5,Fair,0.64,777,0
22,Male,57430.85,Salaried,Single,335338.45,357,9.9,Fair,0.3,404,0
44,Female,99943.53,Self-Employed,Married,10161.71,217,13.22,Fair,0.8,794,1
64,Female,138540.81,Self-Employed,Divorced,131429.67,28,12.65,Good,0.24,345,0
50,Female,38085.11,Self-Employed,Married,134053.08,285,5.51,Fair,0.14,630,0
58,Female,33103.3,Unemployed,Single,39280.88,184,11.24,Good,0.67,515,1
22,Female,53282.02,Salaried,Married,480114.13,127,6.04,Good,0.48,791,0
41,Female,114392.43,Self-Employed,Married,241736.37,192,6.01,Fair,0.78,748,1
53,Female,97085.18,Unemployed,Single,448428.23,102,13.55,Good,0.41,835,0
32,Female,33287.65,Salaried,Married,164496.67,93,6.37,Good,0.23,810,1
42,Female,139437.57,Unemployed,Married,66990.62,335,6.53,Good,0.77,757,1
64,Female,122711.0,Unemployed,Divorced,239796.37,125,3.51,Good,0.54,846,1
45,Male,22992.94,Unemployed,Single,61408.53,268,13.51,Poor,0.25,835,0
47,Female,104677.74,Self-Employed,Married,245577.67,69,12.61,Fair,0.68,839,0
62,Male,120262.07,Self-Employed,Married,460547.1,165,10.71,Poor,0.51,783,0
48,Female,68676.6,Self-Employed,Married,262780.23,127,12.13,Fair,0.58,315,0
36,Male,28959.8,Unemployed,Divorced,310167.36,354,5.25,Good,0.47,542,0
35,Female,30051.74,Salaried,Divorced,82536.03,277,8.77,Poor,0.76,506,1
64,Female,33552.11,Self-Employed,Divorced,26649.13,326,7.54,Poor,0.76,570,1
23,Female,129257.15,Salaried,Married,59849.94,214,4.58,Poor,0.67,414,1
57,Female,138389.21,Self-Employed,Married,301273.13,52,9.09,Good,0.18,598,0
27,Male,35965.4,Unemployed,Married,52030.79,116,14.09,Fair,0.77,782,0
41,Male,50667.78,Unemployed,Single,191116.48,204,3.96,Good,0.64,696,0
29,Male,41517.67,Salaried,Married,277295.51,289,6.85,Fair,0.66,693,1
59,Male,44221.71,Unemployed,Divorced,197383.14,248,5.89,Fair,0.39,374,1
38,Male,128873.8,Unemployed,Divorced,86023.48,232,6.24,Fair,0.8,781,1
24,Female,63179.03,Unemployed,Divorced,140526.7,79,13.95,Poor,0.68,402,0
45,Male,60487.75,Self-Employed,Single,464517.18,208,8.88,Good,0.19,596,0
34,Male,49561.43,Self-Employed,Single,339611.23,267,8.86,Good,0.43,477,0
29,Female,99026.27,Unemployed,Married,250543.68,150,12.25,Poor,0.81,514,1
46,Female,69309.74,Unemployed,Divorced,11293.87,323,5.28,Fair,0.14,614,1
22,Male,116752.45,Self-Employed,Married,496245.62,160,9.1,Poor,0.87,338,1
40,Female,46725.38,Salaried,Married,337370.19,110,8.44,Good,0.64,558,1
48,Male,122412.69,Salaried,Divorced,161876.63,87,10.36,Good,0.61,306,0
27,Female,98483.8,Self-Employed,Single,440237.99,293,14.99,Poor,0.32,348,0
64,Female,34854.75,Salaried,Married,132923.65,120,12.35,Fair,0.3,837,1
28,Male,73885.6,Unemployed,Divorced,274288.21,199,8.08,Poor,0.85,460,1
55,Male,132257.36,Unemployed,Divorced,319855.03,210,13.02,Good,0.34,475,0
34,Female,139984.83,Unemployed,Married,114426.37,314,5.46,Good,0.72,301,1
37,Female,80541.02,Self-Employed,Married,489306.65,338,3.85,Fair,0.41,754,1
56,Male,82508.81,Unemployed,Divorced,375354.99,165,5.85,Poor,0.21,575,1
60,Male,139399.11,Self-Employed,Divorced,281117.55,51,7.41,Fair,0.11,797,1
24,Female,96318.87,Unemployed,Married,94394.33,144,9.37,Fair,0.54,327,1
22,Male,24270.07,Salaried,Married,31659.81,143,10.57,Good,0.88,632,1
26,Female,138657.43,Self-Employed,Married,163429.62,290,13.97,Fair,0.4,300,1
62,Male,52269.44,Unemployed,Single,377827.73,95,9.36,Poor,0.39,487,0
24,Female,95092.15,Salaried,Married,138318.99,253,9.26,Poor,0.38,355,1
49,Female,41516.73,Self-Employed,Married,272080.33,127,4.08,Poor,0.52,846,0
38,Male,24404.29,Unemployed,Married,365333.85,120,3.9,Good,0.45,411,1
46,Male,60491.51,Self-Employed,Divorced,58432.14,232,9.84,Fair,0.8,609,1
64,Male,121464.44,Unemployed,Divorced,344222.52,52,8.54,Good,0.5,335,0
54,Female,56086.33,Self-Employed,Married,50476.09,158,13.15,Good,0.51,738,1
30,Female,48612.64,Salaried,Married,482739.22,123,5.35,Fair,0.21,624,1
56,Female,47648.5,Self-Employed,Single,246755.09,114,3.79,Fair,0.89,606,0
34,Female,86972.58,Self-Employed,Divorced,79584.67,57,8.66,Good,0.3,833,0
51,Male,146820.37,Salaried,Married,174479.9,335,6.23,Good,0.16,408,1
35,Female,79668.57,Self-Employed,Single,209641.14,282,4.07,Poor,0.63,671,1
28,Male,92449.7,Unemployed,Married,380301.58,206,11.83,Good,0.58,656,1
34,Male,131882.16,Self-Employed,Divorced,372994.77,291,4.78,Fair,0.43,480,1
43,Female,89559.06,Unemployed,Single,307910.55,294,10.5,Good,0.44,655,1
60,Male,43980.17,Self-Employed,Single,57435.7,51,6.73,Poor,0.73,367,0
41,Male,58947.47,Unemployed,Married,80026.84,200,5.5,Good,0.26,591,0
36,Female,60291.8,Salaried,Married,51409.68,175,7.87,Poor,0.76,480,1
38,Male,71651.36,Self-Employed,Divorced,290700.53,35,12.72,Fair,0.62,765,1
44,Male,75482.56,Unemployed,Married,439183.53,35,8.01,Fair,0.44,733,1
46,Female,123971.66,Self-Employed,Single,219731.25,15,12.13,Poor,0.47,763,1
45,Female,65420.31,Self-Employed,Single,84619.85,334,4.94,Fair,0.31,833,0
61,Male,80870.14,Unemployed,Married,281230.95,301,12.39,Fair,0.7,365,1
49,Female,101246.88,Self-Employed,Single,406817.35,192,6.22,Poor,0.51,320,1
35,Male,69104.37,Salaried,Married,372147.47,259,11.29,Good,0.36,683,1
21,Female,128753.43,Salaried,Married,441318.14,127,10.01,Poor,0.58,338,0
45,Female,96368.97,Salaried,Married,142561.54,290,14.19,Fair,0.9,584,0
27,Female,58225.81,Self-Employed,Married,101007.16,80,7.95,Poor,0.45,635,0
29,Male,112827.7,Self-Employed,Married,440509.16,265,4.26,Poor,0.84,487,0
44,Male,88594.2,Self-Employed,Divorced,330492.35,192,3.72,Good,0.38,542,0
21,Male,89479.27,Unemployed,Divorced,158909.82,329,13.01,Good,0.14,372,1
64,Female,82541.43,Salaried,Single,372462.29,180,9.53,Poor,0.26,778,1
28,Female,84611.55,Unemployed,Married,408483.6,324,12.42,Good,0.43,400,1
44,Male,119496.32,Self-Employed,Married,309414.23,260,6.2,Good,0.28,813,0
31,Male,33387.59,Self-Employed,Married,345502.63,199,7.47,Fair,0.1,475,1
37,Female,63467.17,Salaried,Single,190753.65,65,3.85,Poor,0.83,537,0
28,Female,29815.44,Salaried,Single,271654.36,337,14.56,Fair,0.78,358,0
55,Male,117922.01,Self-Employed,Single,264458.79,324,11.18,Fair,0.69,398,0
55,Male,55399.24,Unemployed,Single,424783.66,149,14.23,Good,0.23,794,1
53,Male,136665.95,Salaried,Single,420782.17,179,6.55,Good,0.2,813,1
25,Female,88455.2,Self-Employed,Married,417176.83,114,10.53,Good,0.15,596,1
62,Female,124097.47,Self-Employed,Married,10460.65,96,11.3,Fair,0.68,510,1
59,Male,147261.09,Salaried,Married,376025.01,328,7.15,Good,0.84,422,1
61,Female,129172.55,Salaried,Single,380544.81,223,13.25,Fair,0.44,528,1
48,Male,132709.19,Unemployed,Married,340797.52,14,14.39,Fair,0.2,687,1
27,Male,73037.98,Salaried,Single,379351.01,190,13.68,Good,0.51,439,1
29,Male,91723.94,Unemployed,Divorced,421775.33,353,12.0,Poor,0.38,840,1
28,Male,53005.51,Self-Employed,Single,237807.93,314,6.69,Poor,0.4,690,1
32,Male,45494.7,Salaried,Married,253514.86,343,6.74,Poor,0.6,569,1
54,Male,85716.02,Self-Employed,Married,66733.46,49,14.58,Poor,0.67,311,0
53,Male,97356.37,Salaried,Divorced,195761.06,250,3.62,Fair,0.19,688,0
43,Female,64105.26,Salaried,Divorced,323465.76,180,11.73,Poor,0.13,636,1
44,Male,94027.66,Salaried,Married,391297.89,354,11.62,Fair,0.9,805,1
57,Female,135369.86,Unemployed,Single,112518.5,325,10.66,Good,0.29,405,0
55,Female,92373.81,Self-Employed,Divorced,73222.34,317,14.89,Good,0.14,331,1
64,Male,113705.7,Unemployed,Divorced,333205.79,41,7.09,Fair,0.25,373,1
60,Male,124690.95,Self-Employed,Single,5930.54,201,7.41,Poor,0.13,470,1
42,Female,148534.74,Unemployed,Single,93294.43,36,4.41,Fair,0.41,368,0
47,Female,98415.66,Unemployed,Single,19390.33,123,8.59,Poor,0.74,661,1
55,Male,124890.52,Salaried,Married,87608.13,217,6.5,Fair,0.37,732,0
21,Male,145144.41,Self-Employed,Married,94753.04,196,7.45,Poor,0.46,399,1
55,Male,142773.26,Self-Employed,Married,196898.43,58,13.1,Fair,0.64,308,1
57,Male,38340.64,Unemployed,Divorced,204151.93,239,14.26,Fair,0.51,328,1
34,Female,72831.0,Unemployed,Single,437759.92,50,5.64,Good,0.79,413,0
23,Male,62118.71,Salaried,Divorced,257504.31,27,7.78,Good,0.79,761,1
21,Female,31300.25,Unemployed,Divorced,363085.36,33,14.18,Fair,0.11,442,0
25,Male,102321.3,Self-Employed,Single,56547.99,224,4.21,Fair,0.72,689,1
46,Male,115667.6,Salaried,Married,116592.18,321,4.56,Fair,0.47,456,1
34,Male,130256.65,Unemployed,Single,352957.0,160,5.37,Poor,0.89,634,1
59,Male,35961.0,Unemployed,Married,31137.96,252,10.34,Poor,0.49,559,0
47,Male,133937.73,Salaried,Married,245865.84,283,5.23,Good,0.89,381,1
29,Male,103580.32,Unemployed,Divorced,301687.64,70,14.63,Poor,0.7,740,0
35,Male,111513.0,Unemployed,Married,303062.09,298,8.64,Good,0.3,471,0
35,Male,138381.12,Unemployed,Married,16351.74,213,9.27,Fair,0.53,530,0
46,Female,101218.97,Salaried,Single,164443.46,43,6.34,Good,0.89,374,1
62,Male,63662.56,Self-Employed,Single,320062.87,173,8.92,Good,0.79,569,0
33,Male,127263.95,Self-Employed,Married,78754.87,266,11.11,Poor,0.18,361,0
52,Male,67197.7,Unemployed,Divorced,349230.75,265,12.14,Poor,0.67,619,0
59,Male,24449.65,Self-Employed,Divorced,374232.98,20,12.17,Poor,0.38,401,1
52,Male,127985.09,Salaried,Single,491074.75,150,10.15,Fair,0.11,728,0
24,Female,64874.98,Unemployed,Married,108871.79,21,13.9,Good,0.42,554,0
50,Male,120598.49,Unemployed,Divorced,413439.68,225,12.9,Fair,0.29,831,1
57,Female,67158.53,Self-Employed,Married,262546.81,284,12.21,Poor,0.76,411,0
43,Male,131938.84,Unemployed,Single,189863.99,335,4.14,Fair,0.37,612,0
59,Female,48536.37,Unemployed,Single,65576.49,59,3.58,Fair,0.76,760,1
35,Female,146691.14,Self-Employed,Single,369075.28,122,5.94,Fair,0.1,761,0
63,Female,121368.64,Salaried,Married,121749.51,164,11.13,Poor,0.35,391,1
49,Male,34850.93,Unemployed,Divorced,188853.89,134,8.23,Good,0.29,351,0
56,Female,93550.96,Unemployed,Married,35958.4,113,8.13,Poor,0.29,819,1
33,Male,148097.75,Salaried,Married,401676.62,252,13.67,Fair,0.15,397,1
52,Male,81238.51,Self-Employed,Married,384461.32,332,13.8,Good,0.25,535,0
27,Female,43673.93,Salaried,Married,368139.84,202,13.96,Fair,0.54,673,0
42,Female,83021.19,Self-Employed,Divorced,153224.54,228,7.11,Poor,0.33,533,0
48,Male,86619.5,Salaried,Single,90872.64,62,11.45,Good,0.43,331,1
22,Female,116419.3,Salaried,Married,320588.87,303,6.62,Poor,0.4,588,1
62,Male,110849.96,Self-Employed,Married,250602.36,92,5.69,Poor,0.8,841,0
26,Female,72331.51,Unemployed,Single,93234.97,99,5.62,Fair,0.82,413,1
48,Female,48343.0,Self-Employed,Married,344526.08,205,7.43,Poor,0.49,503,0
48,Male,103857.04,Salaried,Single,495607.58,115,8.44,Good,0.36,328,0
64,Male,74821.51,Salaried,Divorced,374873.7,282,13.06,Good,0.19,773,0
64,Female,37195.91,Salaried,Divorced,371293.26,107,4.88,Poor,0.86,552,0
40,Male,137074.4,Unemployed,Married,475404.81,209,11.95,Good,0.15,685,1
50,Female,109858.84,Salaried,Divorced,105453.5,12,9.61,Fair,0.34,361,0
31,Male,108813.9,Unemployed,Divorced,284947.23,178,6.81,Poor,0.34,814,1
48,Male,126935.9,Unemployed,Single,489925.12,137,9.17,Poor,0.36,729,1
45,Female,88856.02,Salaried,Divorced,86820.58,324,6.95,Good,0.23,836,1
59,Male,125957.08,Unemployed,Married,351624.72,92,10.35,Good,0.73,440,0
53,Male,84751.8,Self-Employed,Married,294976.02,262,8.49,Good,0.2,599,0
21,Male,28732.8,Salaried,Married,295307.15,180,5.39,Poor,0.61,610,0
47,Male,72682.25,Self-Employed,Divorced,350346.96,84,4.84,Good,0.2,770,1
33,Male,84670.44,Unemployed,Married,465160.38,152,9.79,Poor,0.16,692,1
61,Female,113626.34,Unemployed,Divorced,392378.06,81,13.88,Poor,0.83,744,0
23,Female,33855.23,Salaried,Divorced,32787.37,273,7.46,Fair,0.25,471,1
59,Male,38202.41,Unemployed,Divorced,427100.37,351,11.93,Good,0.76,330,0
26,Male,54278.89,Unemployed,Single,116642.96,319,11.07,Poor,0.54,346,0
28,Male,54644.79,Self-Employed,Single,191572.51,256,14.21,Fair,0.16,429,1
47,Female,115184.0,Salaried,Divorced,233557.74,14,12.94,Good,0.86,651,0
29,Female,52594.99,Self-Employed,Single,243048.47,348,10.02,Fair,0.3,357,0
57,Male,102302.75,Self-Employed,Single,220414.3,74,11.06,Fair,0.79,405,1
53,Female,84255.6,Salaried,Divorced,468989.88,60,13.83,Fair,0.24,629,0
62,Male,94528.27,Salaried,Single,354479.41,87,8.09,Fair,0.78,682,0
64,Male,128953.91,Self-Employed,Divorced,317429.47,186,7.26,Good,0.11,461,1
44,Male,72569.6,Self-Employed,Divorced,29671.8,120,3.62,Good,0.51,585,1
35,Male,120218.48,Salaried,Divorced,452437.1,194,13.01,Fair,0.72,370,1
52,Female,74864.69,Self-Employed,Single,455148.15,203,12.71,Poor,0.85,753,0
52,Male,66003.28,Self-Employed,Divorced,391205.47,76,4.7,Fair,0.83,696,1
44,Female,144621.53,Unemployed,Divorced,8479.46,348,10.13,Good,0.76,814,0
61,Female,43968.22,Unemployed,Married,33353.72,282,8.84,Poor,0.81,325,0
32,Male,31743.8,Self-Employed,Married,116485.73,111,4.87,Fair,0.26,612,0
59,Female,120228.17,Unemployed,Married,70017.96,43,14.78,Poor,0.33,425,0
22,Male,28872.46,Self-Employed,Divorced,202423.83,139,5.97,Poor,0.33,707,0
23,Female,128820.27,Unemployed,Married,461698.41,350,4.27,Fair,0.4,497,1
57,Male,76835.14,Self-Employed,Single,238669.91,54,10.34,Good,0.41,487,0
37,Female,139016.78,Self-Employed,Married,11634.3,89,12.0,Poor,0.54,783,0
22,Male,113799.27,Self-Employed,Single,144959.12,325,3.87,Good,0.23,749,0
22,Female,99352.61,Unemployed,Divorced,27074.48,300,11.08,Poor,0.65,822,0
48,Female,143409.88,Unemployed,Divorced,22962.37,281,9.62,Fair,0.23,653,1
43,Male,71564.42,Self-Employed,Married,141481.33,173,4.69,Poor,0.35,399,1
57,Male,144031.3,Salaried,Married,141428.11,200,5.48,Fair,0.5,577,0
52,Female,37550.17,Salaried,Married,394627.67,258,10.03,Fair,0.74,790,1
53,Female,82888.14,Unemployed,Divorced,487543.15,227,6.91,Poor,0.69,554,0
21,Female,55088.46,Self-Employed,Single,188747.51,326,14.29,Good,0.62,680,1
39,Female,90179.56,Salaried,Single,217299.01,350,12.92,Poor,0.22,841,1
22,Male,41061.8,Unemployed,Divorced,423170.77,179,14.81,Good,0.54,563,0
64,Male,129398.86,Unemployed,Married,137728.81,350,6.49,Good,0.17,628,1
46,Male,130033.02,Unemployed,Divorced,82408.99,204,14.65,Good,0.4,414,1
52,Female,144180.72,Unemployed,Married,427279.36,294,8.46,Poor,0.43,575,1
26,Female,40107.38,Self-Employed,Married,28017.79,347,7.5,Good,0.13,787,1
52,Female,101033.23,Unemployed,Married,311751.22,24,4.08,Good,0.32,580,1
24,Female,81650.85,Unemployed,Single,283186.46,251,4.11,Fair,0.86,574,1
31,Female,64769.89,Unemployed,Divorced,176230.62,331,11.46,Fair,0.86,627,1
37,Male,65700.22,Unemployed,Married,161018.81,158,8.77,Good,0.38,510,1
58,Male,73663.16,Salaried,Single,387069.57,215,6.1,Poor,0.13,325,0
44,Female,111640.32,Unemployed,Married,47780.18,91,10.56,Fair,0.24,326,1
25,Female,97777.19,Self-Employed,Single,122208.23,54,6.41,Fair,0.41,382,1
54,Female,79758.6,Self-Employed,Single,367562.12,100,10.14,Poor,0.86,712,1
26,Male,29871.34,Self-Employed,Divorced,276418.69,159,7.63,Good,0.21,466,0
42,Male,30109.49,Self-Employed,Married,68354.16,106,12.97,Fair,0.71,468,1
31,Female,20304.12,Self-Employed,Divorced,441657.13,162,12.94,Poor,0.19,528,0
36,Male,145800.92,Unemployed,Divorced,199756.68,13,8.99,Poor,0.89,666,1
53,Male,20683.0,Self-Employed,Divorced,414794.85,33,7.53,Good,0.41,827,0
29,Male,33402.19,Salaried,Married,394917.94,324,7.67,Good,0.72,837,1
26,Female,60897.55,Salaried,Married,314090.6,339,12.77,Poor,0.37,823,0
36,Male,124965.93,Unemployed,Divorced,249768.16,18,7.27,Poor,0.6,371,0
49,Male,145072.84,Salaried,Divorced,489877.67,217,5.9,Fair,0.25,405,0
23,Male,122701.76,Salaried,Single,76757.71,125,4.47,Good,0.22,581,1
40,Male,109772.83,Self-Employed,Single,363952.09,283,8.87,Good,0.85,432,1
56,Male,87769.09,Self-Employed,Divorced,99639.4,94,9.04,Poor,0.83,833,1
39,Male,31271.68,Unemployed,Divorced,172440.24,190,13.17,Poor,0.81,568,0
46,Female,144562.2,Unemployed,Divorced,157805.88,221,6.04,Fair,0.6,711,0
23,Male,118591.01,Unemployed,Single,473782.81,339,7.88,Fair,0.75,317,1
39,Female,103063.42,Self-Employed,Married,483841.31,135,12.8,Good,0.16,416,1
40,Male,118674.66,Unemployed,Single,95592.64,124,12.97,Good,0.37,443,1
52,Female,114133.43,Salaried,Married,15907.4,23,7.92,Good,0.35,721,1
27,Male,102840.11,Salaried,Single,361403.98,137,8.78,Fair,0.61,668,1
61,Female,147474.98,Salaried,Single,211905.02,64,6.99,Poor,0.38,349,0
53,Male,137437.3,Salaried,Single,48975.92,342,14.22,Good,0.22,405,1
60,Female,104066.44,Unemployed,Married,343458.28,294,4.86,Poor,0.58,515,1
59,Male,110112.78,Unemployed,Married,274827.24,151,14.24,Good,0.75,724,0
38,Female,26707.45,Salaried,Married,490355.83,108,11.36,Fair,0.41,371,0
60,Male,107089.27,Self-Employed,Married,117567.7,16,9.61,Good,0.21,745,0
21,Female,25741.51,Unemployed,Married,204969.05,68,3.88,Fair,0.26,485,1
31,Male,96474.29,Salaried,Divorced,273560.17,345,8.97,Good,0.29,369,1
48,Female,149915.95,Self-Employed,Married,396891.49,80,8.19,Poor,0.34,449,0
45,Female,92254.86,Salaried,Divorced,276675.14,129,5.35,Poor,0.61,545,1
43,Female,81517.32,Salaried,Divorced,308385.58,70,11.05,Good,0.58,837,1
51,Female,60671.13,Self-Employed,Married,116942.79,44,14.67,Fair,0.66,398,1
50,Male,35667.94,Salaried,Single,424224.77,329,9.97,Poor,0.39,577,0
62,Male,115033.08,Self-Employed,Single,217172.12,61,11.72,Poor,0.76,754,0
55,Male,45037.87,Unemployed,Divorced,74775.02,30,4.29,Fair,0.26,403,1
27,Male,34986.66,Self-Employed,Married,333773.02,225,8.3,Good,0.48,532,0
36,Female,74829.15,Salaried,Single,111964.77,208,4.84,Good,0.74,693,0
46,Female,123394.44,Salaried,Single,53293.44,58,10.55,Poor,0.24,800,1
22,Female,116858.39,Salaried,Divorced,431683.52,178,14.29,Good,0.19,550,0
21,Male,27134.74,Self-Employed,Single,232780.32,300,11.11,Fair,0.81,820,1
32,Female,79168.68,Self-Employed,Married,375895.44,152,4.38,Good,0.37,378,0
25,Female,87916.49,Self-Employed,Single,148840.84,95,7.58,Good,0.65,351,0
57,Male,103791.06,Unemployed,Single,394550.22,193,9.83,Good,0.12,525,1
52,Female,104521.76,Self-Employed,Single,60408.28,90,8.14,Poor,0.65,350,0
29,Female,67410.64,Unemployed,Single,181206.82,226,13.09,Poor,0.35,485,1
61,Male,92888.04,Self-Employed,Divorced,489140.6,25,12.87,Good,0.14,333,1
55,Female,82538.04,Salaried,Divorced,398024.91,226,10.54,Poor,0.59,430,1
39,Female,135049.79,Self-Employed,Single,251141.69,139,7.79,Poor,0.29,742,1
36,Male,88934.47,Unemployed,Divorced,173189.85,321,6.44,Fair,0.41,731,0
23,Male,77334.18,Unemployed,Married,436707.17,259,4.72,Poor,0.16,796,0
40,Female,72583.11,Unemployed,Married,274699.64,40,7.58,Good,0.22,702,1
44,Male,94415.61,Unemployed,Married,380420.38,291,8.25,Poor,0.34,622,1
53,Male,124517.01,Salaried,Married,378283.3,349,11.27,Good,0.17,509,1
44,Female,89992.19,Salaried,Married,13883.11,330,11.07,Fair,0.83,628,0
31,Female,106015.17,Salaried,Single,67495.62,213,4.31,Fair,0.1,671,0
28,Male,115921.25,Self-Employed,Divorced,331516.54,68,8.05,Poor,0.49,759,1
56,Male,87621.85,Unemployed,Divorced,85001.81,229,5.59,Fair,0.2,432,1
58,Male,75486.22,Self-Employed,Married,131469.21,73,5.3,Poor,0.35,420,0
60,Male,133966.5,Self-Employed,Divorced,473585.79,168,13.01,Good,0.84,751,1
40,Female,74275.79,Salaried,Single,282290.22,213,3.98,Good,0.23,428,1
55,Male,80052.57,Unemployed,Married,376611.11,28,8.32,Fair,0.87,390,1
45,Male,148744.37,Salaried,Single,281200.47,333,5.43,Poor,0.26,328,1
55,Female,20030.88,Salaried,Single,278494.24,17,13.61,Fair,0.69,823,1
45,Male,44111.48,Salaried,Married,51605.2,69,9.91,Poor,0.54,632,1
49,Male,69915.31,Self-Employed,Divorced,175113.28,336,6.16,Poor,0.81,596,0
38,Male,141236.69,Salaried,Divorced,144803.29,329,9.28,Fair,0.54,429,0
38,Male,29103.86,Self-Employed,Married,198410.54,180,11.91,Good,0.53,592,0
22,Male,21233.11,Self-Employed,Married,400180.37,93,14.52,Poor,0.26,472,1
55,Female,26848.9,Unemployed,Divorced,189106.67,230,6.04,Good,0.23,323,1
36,Male,31510.64,Salaried,Single,228589.93,188,13.69,Fair,0.83,398,0
61,Male,24887.58,Unemployed,Married,201703.79,215,14.24,Fair,0.36,705,0
56,Male,82371.57,Unemployed,Married,51236.95,82,14.04,Poor,0.4,655,1
53,Male,95498.44,Salaried,Single,223330.72,277,10.81,Fair,0.71,438,1
24,Female,55319.31,Salaried,Divorced,101826.59,109,10.74,Fair,0.37,802,0
53,Male,71777.36,Self-Employed,Married,97428.03,356,8.14,Fair,0.86,473,0
34,Female,31920.91,Salaried,Divorced,51547.87,302,12.15,Fair,0.69,328,1
41,Male,63728.16,Self-Employed,Single,181552.13,219,9.61,Poor,0.58,795,1
40,Female,87927.49,Unemployed,Married,379953.53,13,11.29,Good,0.8,650,1
28,Female,115195.33,Self-Employed,Married,141838.64,135,8.43,Good,0.14,598,1
27,Male,20435.03,Unemployed,Divorced,159612.81,291,11.91,Poor,0.31,491,1
23,Female,80750.4,Unemployed,Divorced,323123.96,85,12.98,Poor,0.47,363,1
37,Female,58610.37,Salaried,Divorced,101941.2,177,5.18,Poor,0.28,514,0
53,Male,130866.84,Self-Employed,Single,448994.18,33,13.08,Poor,0.7,465,0
32,Female,113021.93,Salaried,Divorced,262494.31,165,9.71,Fair,0.84,842,1
42,Male,96584.11,Salaried,Married,226563.46,306,13.21,Poor,0.44,531,0
42,Male,56044.53,Self-Employed,Single,281121.0,230,8.46,Poor,0.37,840,1
50,Female,138344.08,Salaried,Divorced,87186.99,168,7.86,Good,0.87,494,1
58,Male,25863.09,Self-Employed,Married,308669.2,241,14.02,Good,0.46,805,0
58,Male,34230.79,Unemployed,Single,184734.86,31,6.39,Poor,0.49,633,0
28,Male,70911.92,Self-Employed,Divorced,449107.24,52,13.21,Fair,0.38,603,1
47,Male,36176.88,Self-Employed,Divorced,88582.83,159,9.07,Good,0.83,736,1
47,Male,144334.04,Self-Employed,Divorced,255990.3,119,9.41,Fair,0.56,622,1
54,Female,123738.61,Salaried,Divorced,301065.75,95,7.05,Poor,0.71,801,1
41,Female,53667.74,Salaried,Divorced,21524.88,333,10.09,Good,0.75,692,1
50,Male,96512.05,Unemployed,Single,185028.1,320,7.24,Poor,0.37,448,1
53,Female,147702.97,Self-Employed,Divorced,367654.44,301,3.95,Poor,0.45,704,1
48,Male,134945.87,Salaried,Single,411086.87,334,6.63,Poor,0.78,582,1
53,Female,98103.8,Unemployed,Married,160015.19,145,3.57,Good,0.39,661,0
25,Male,137484.12,Salaried,Single,400303.67,218,14.75,Poor,0.74,678,0
39,Female,148594.04,Unemployed,Single,484039.16,294,14.61,Poor,0.85,497,0
24,Female,116635.87,Unemployed,Married,429152.6,277,8.04,Good,0.6,655,0
55,Female,28448.23,Unemployed,Divorced,63233.77,84,11.88,Poor,0.69,839,1
37,Male,72205.43,Unemployed,Divorced,371166.51,59,7.48,Poor,0.74,728,1
64,Male,128917.35,Unemployed,Single,163235.08,337,11.22,Poor,0.78,316,0
48,Male,49974.0,Salaried,Single,494265.91,244,12.76,Good,0.42,678,0
50,Female,127983.53,Salaried,Single,245252.7,111,14.39,Fair,0.14,805,1
49,Male,35644.04,Salaried,Married,65604.78,70,8.1,Poor,0.42,375,1
26,Male,26102.9,Self-Employed,Divorced,363966.85,269,12.51,Good,0.64,530,1
55,Female,69931.78,Salaried,Married,164890.54,76,6.56,Poor,0.46,547,1
61,Female,24775.15,Self-Employed,Married,498553.69,94,14.89,Fair,0.7,601,0
57,Male,144445.13,Unemployed,Divorced,489992.32,165,3.8,Fair,0.39,514,0
44,Male,127406.74,Salaried,Divorced,329786.34,277,10.44,Fair,0.61,457,1
49,Female,124100.06,Salaried,Single,69264.09,320,11.08,Fair,0.25,368,1
51,Male,101871.13,Unemployed,Single,344996.19,90,11.41,Poor,0.7,692,1
55,Female,48122.12,Unemployed,Married,51050.09,326,4.88,Poor,0.54,384,1
53,Male,87373.85,Salaried,Married,19535.26,161,14.29,Fair,0.26,566,1
41,Female,97645.63,Unemployed,Married,412364.43,59,5.58,Good,0.33,368,1
52,Male,88254.1,Self-Employed,Married,108827.71,259,10.66,Good,0.7,646,0
43,Male,53830.34,Unemployed,Single,192618.43,289,6.06,Poor,0.49,722,0
53,Female,86982.23,Salaried,Single,486861.41,109,7.03,Good,0.27,473,1
23,Female,83854.22,Self-Employed,Divorced,171736.05,36,9.78,Good,0.87,414,1
38,Female,149523.65,Self-Employed,Single,151762.44,295,8.3,Poor,0.67,519,0
45,Male,136666.7,Self-Employed,Divorced,459512.96,312,5.34,Fair,0.87,330,0
62,Male,80239.5,Unemployed,Divorced,59820.48,79,5.47,Fair,0.44,822,0
51,Female,100981.86,Salaried,Single,380993.29,18,8.31,Good,0.48,642,0
23,Female,117223.31,Salaried,Divorced,494092.46,316,12.21,Poor,0.82,676,1
60,Female,24532.47,Self-Employed,Single,451141.53,148,13.83,Good,0.52,429,1
44,Male,136339.79,Salaried,Single,327575.62,175,4.47,Good,0.67,838,0
52,Male,131816.49,Unemployed,Married,160460.09,94,8.02,Poor,0.3,301,1
42,Male,79466.17,Self-Employed,Single,130889.38,149,4.65,Fair,0.46,400,1
43,Male,70852.07,Unemployed,Married,410531.28,84,3.69,Fair,0.2,832,0
22,Female,55484.72,Self-Employed,Single,440511.85,248,11.11,Fair,0.26,357,1
47,Male,81967.99,Self-Employed,Married,265090.28,57,10.43,Good,0.1,688,0
62,Female,25768.97,Self-Employed,Divorced,125948.27,117,5.37,Poor,0.13,640,1
22,Female,130785.16,Unemployed,Single,60906.89,299,6.19,Poor,0.88,319,0
46,Female,24604.91,Self-Employed,Divorced,48153.84,273,3.77,Good,0.29,554,0
37,Female,62776.68,Unemployed,Married,360943.34,187,13.1,Good,0.63,616,0
60,Male,141106.63,Salaried,Married,212958.77,177,14.71,Fair,0.77,337,0
53,Female,115577.65,Unemployed,Divorced,453153.14,156,5.06,Good,0.54,836,0
29,Female,56580.82,Unemployed,Single,371137.29,341,6.16,Fair,0.22,685,1
63,Male,52844.38,Unemployed,Married,99673.91,294,13.49,Good,0.68,325,0
59,Male,20660.68,Unemployed,Married,308819.82,65,14.15,Poor,0.58,753,1
49,Female,110442.86,Self-Employed,Married,220575.2,189,8.33,Fair,0.69,622,1
62,Female,26341.87,Self-Employed,Single,290738.62,255,4.08,Good,0.72,812,0
46,Female,89238.33,Unemployed,Married,370344.22,352,3.95,Fair,0.88,312,0
55,Male,145075.86,Salaried,Divorced,404066.96,138,10.1,Fair,0.56,670,0
45,Female,34230.95,Self-Employed,Single,422649.98,282,8.02,Fair,0.37,590,1
44,Male,136282.39,Unemployed,Divorced,130717.56,143,3.83,Poor,0.62,631,0
33,Male,148891.79,Unemployed,Married,20402.22,104,10.21,Good,0.15,560,1
27,Female,27997.21,Self-Employed,Married,370950.89,84,3.63,Good,0.82,504,1
56,Female,134777.81,Salaried,Divorced,57640.14,259,12.55,Good,0.2,686,1
40,Female,87090.27,Unemployed,Divorced,160885.2,359,7.02,Fair,0.36,767,0
21,Male,137846.78,Self-Employed,Single,6889.48,284,3.96,Poor,0.75,714,0
28,Male,94271.46,Salaried,Divorced,342426.39,54,10.27,Good,0.58,368,1
36,Female,106074.56,Unemployed,Single,87730.35,52,8.07,Good,0.41,771,1
34,Female,90691.26,Unemployed,Married,329364.79,181,14.7,Fair,0.48,403,1
32,Male,132384.07,Salaried,Single,495912.6,223,9.76,Poor,0.78,460,0
43,Female,115408.29,Unemployed,Single,40972.08,179,6.67,Poor,0.37,499,1
35,Female,87763.84,Unemployed,Single,43153.62,50,11.66,Good,0.8,515,1
48,Male,132860.9,Self-Employed,Single,173488.15,256,6.62,Good,0.17,511,0
54,Male,51887.12,Salaried,Divorced,433861.32,162,13.9,Good,0.72,807,0
22,Female,40454.29,Self-Employed,Married,111687.29,122,7.81,Good,0.78,315,0
52,Female,40852.01,Self-Employed,Married,183387.02,58,9.82,Good,0.25,797,1
43,Male,63421.15,Salaried,Single,38910.18,74,4.08,Fair,0.44,631,0
42,Male,51029.7,Unemployed,Married,382761.87,236,8.4,Good,0.23,555,0
45,Male,140911.75,Unemployed,Single,207111.64,80,13.07,Poor,0.67,471,1
42,Male,33758.43,Self-Employed,Married,380828.12,310,12.76,Poor,0.53,797,1
42,Male,110868.8,Unemployed,Single,452285.88,301,6.08,Poor,0.61,770,1
62,Male,44598.8,Unemployed,Divorced,120217.76,307,6.1,Good,0.26,683,1
26,Male,134612.83,Self-Employed,Divorced,404661.04,214,12.9,Fair,0.27,806,1
35,Female,144970.99,Unemployed,Divorced,34251.48,72,14.2,Good,0.13,826,1
63,Female,80511.1,Salaried,Married,449929.46,329,4.6,Good,0.36,624,1
57,Female,134279.29,Unemployed,Married,327130.43,325,8.68,Poor,0.55,513,1
53,Female,20668.87,Self-Employed,Single,437742.23,172,7.38,Good,0.79,507,1
28,Male,126593.1,Unemployed,Single,5093.26,342,13.51,Good,0.63,468,1
64,Female,49721.27,Unemployed,Single,88695.13,27,4.46,Good,0.45,629,1
64,Male,138131.17,Salaried,Single,197930.9,349,5.93,Poor,0.86,579,1
25,Female,20145.61,Unemployed,Married,192853.94,105,12.15,Good,0.68,604,1
59,Male,92303.63,Self-Employed,Single,117231.54,315,4.09,Good,0.84,445,0
24,Male,118362.65,Salaried,Single,193897.91,149,9.16,Good,0.52,815,1
26,Male,53629.48,Unemployed,Divorced,68780.11,349,8.58,Poor,0.31,389,0
52,Female,45107.27,Salaried,Single,209316.76,49,7.35,Poor,0.14,752,1
50,Female,30932.77,Self-Employed,Divorced,402165.39,138,8.04,Fair,0.68,359,0
55,Female,62436.36,Unemployed,Divorced,242139.68,286,9.59,Poor,0.2,610,0
60,Female,92779.76,Unemployed,Divorced,13910.04,175,5.36,Good,0.34,827,1
36,Male,35059.7,Self-Employed,Married,213614.8,330,10.08,Poor,0.53,526,0
33,Female,68970.4,Self-Employed,Divorced,18451.63,88,12.76,Fair,0.55,773,0
62,Male,21179.41,Self-Employed,Divorced,483290.49,185,12.24,Fair,0.58,840,0
50,Female,126428.32,Self-Employed,Married,68089.71,332,5.27,Good,0.23,378,1
39,Male,36698.33,Self-Employed,Married,355305.72,102,5.22,Good,0.4,732,1
37,Male,56834.58,Unemployed,Single,486524.28,249,6.58,Good,0.59,452,0
39,Male,22395.6,Self-Employed,Single,413889.33,275,7.65,Poor,0.88,700,1
48,Male,76191.3,Unemployed,Married,351161.11,190,8.2,Fair,0.68,578,0
46,Male,129215.8,Self-Employed,Married,420533.15,220,11.32,Good,0.84,356,0
57,Female,70979.66,Salaried,Married,490990.35,84,4.15,Good,0.71,485,1
46,Male,43334.65,Self-Employed,Single,312565.53,118,3.9,Fair,0.57,697,0
43,Male,117980.85,Self-Employed,Married,281796.48,356,8.01,Fair,0.25,457,0
29,Female,122544.91,Unemployed,Single,315977.86,306,11.52,Good,0.63,658,1
32,Female,42587.95,Salaried,Single,268674.56,295,5.72,Fair,0.6,739,1
21,Male,120211.03,Self-Employed,Single,319369.11,193,10.88,Fair,0.58,765,0
21,Female,143148.73,Unemployed,Married,227671.89,48,6.49,Fair,0.49,745,1
54,Male,41629.09,Self-Employed,Married,113129.38,148,13.69,Poor,0.52,787,1
52,Female,120227.96,Unemployed,Single,64522.38,349,13.8,Fair,0.37,829,0
45,Female,112114.36,Unemployed,Divorced,38828.76,67,6.92,Poor,0.52,372,1
60,Male,81564.61,Unemployed,Married,135341.31,198,6.14,Fair,0.26,316,0
21,Male,27529.66,Self-Employed,Single,27831.16,352,8.23,Poor,0.74,830,0
36,Male,29710.27,Self-Employed,Single,285749.54,269,6.27,Poor,0.25,625,0
59,Male,130813.91,Self-Employed,Divorced,145495.08,69,11.23,Fair,0.17,845,0
25,Female,148719.29,Self-Employed,Married,413144.73,134,13.0,Good,0.45,501,0
42,Female,107886.79,Self-Employed,Single,41749.23,199,11.24,Poor,0.63,643,0
49,Male,77974.58,Unemployed,Divorced,117043.99,241,12.98,Poor,0.45,822,1
23,Male,104184.57,Salaried,Married,366471.84,179,8.07,Fair,0.32,699,0
32,Male,97271.46,Self-Employed,Single,301410.11,125,5.3,Poor,0.55,517,0
46,Male,69869.59,Salaried,Single,36923.18,263,11.99,Poor,0.38,744,0
36,Female,28531.4,Salaried,Married,439233.53,118,7.65,Good,0.85,521,1
57,Female,126796.68,Unemployed,Single,439244.57,48,11.22,Poor,0.84,682,1
42,Male,68338.36,Salaried,Divorced,168551.96,346,6.61,Fair,0.5,306,0
49,Male,126442.13,Salaried,Divorced,173500.89,103,4.43,Fair,0.36,571,0
34,Male,52826.14,Salaried,Divorced,494569.04,29,14.91,Fair,0.69,315,0
48,Male,20133.83,Self-Employed,Divorced,314957.2,74,5.3,Good,0.13,723,1
25,Male,40661.98,Unemployed,Single,268001.68,161,14.87,Fair,0.48,823,0
50,Female,80910.12,Self-Employed,Single,419885.33,150,14.74,Good,0.37,320,0
25,Male,142759.47,Salaried,Divorced,146218.72,197,12.63,Poor,0.84,527,0
32,Female,33285.17,Salaried,Single,217445.38,196,11.08,Fair,0.11,587,1
36,Male,131047.27,Unemployed,Divorced,137549.45,216,10.14,Poor,0.54,433,1
46,Male,88513.13,Salaried,Married,395634.62,271,13.46,Fair,0.69,582,1
46,Male,127369.7,Self-Employed,Divorced,288807.93,225,6.83,Good,0.49,703,0
41,Male,58788.68,Unemployed,Divorced,331118.41,267,8.88,Fair,0.17,365,0
59,Female,129193.13,Unemployed,Divorced,129892.09,146,10.62,Good,0.88,736,1
56,Female,120466.96,Salaried,Married,114011.52,72,8.23,Good,0.51,558,1
53,Male,49906.98,Salaried,Single,246745.44,321,8.42,Good,0.59,402,1
50,Female,37073.57,Unemployed,Married,370095.05,99,7.3,Good,0.29,400,0
57,Female,132847.06,Unemployed,Divorced,264993.68,335,9.99,Fair,0.49,497,0
43,Male,145220.76,Unemployed,Divorced,21159.61,218,13.28,Fair,0.44,525,0
30,Male,24069.3,Unemployed,Married,434933.0,140,5.82,Good,0.16,762,1
25,Male,115065.11,Unemployed,Married,37020.01,322,14.25,Fair,0.18,536,1
56,Male,138238.19,Self-Employed,Divorced,478133.12,14,11.42,Good,0.77,325,0
54,Female,131456.81,Unemployed,Single,17445.27,253,12.97,Good,0.29,420,0
51,Male,145387.66,Salaried,Divorced,348752.98,132,9.9,Good,0.26,805,0
30,Female,118812.23,Salaried,Divorced,45692.5,113,12.46,Good,0.5,481,1
39,Male,77498.84,Unemployed,Married,455784.91,49,3.69,Poor,0.71,842,1
52,Male,60553.76,Unemployed,Single,234894.45,352,12.91,Fair,0.15,614,0
21,Female,61696.56,Salaried,Single,73074.27,144,3.96,Poor,0.56,572,0
25,Male,114174.95,Self-Employed,Single,173703.77,213,13.73,Poor,0.2,531,0
24,Male,116958.81,Self-Employed,Single,86588.21,359,14.91,Poor,0.13,719,0
36,Male,46046.69,Self-Employed,Married,89438.05,32,6.88,Poor,0.14,741,0
44,Female,132855.97,Salaried,Single,474313.62,253,5.92,Good,0.77,795,0
36,Male,112940.13,Self-Employed,Single,225396.83,120,12.3,Fair,0.19,323,0
22,Female,93157.54,Self-Employed,Single,395457.12,314,6.41,Good,0.14,408,1
48,Male,81299.22,Salaried,Divorced,321604.75,95,13.45,Fair,0.45,801,1
52,Female,90620.26,Unemployed,Divorced,339831.05,94,4.68,Good,0.78,324,0
47,Female,40701.95,Self-Employed,Single,70188.25,302,4.95,Good,0.31,486,0
40,Female,46481.16,Self-Employed,Single,120921.3,80,14.76,Fair,0.44,587,1
44,Male,31851.38,Self-Employed,Divorced,394441.42,140,11.25,Poor,0.13,637,1
32,Female,39975.54,Salaried,Divorced,485529.27,207,13.24,Fair,0.46,336,1
55,Female,78980.17,Unemployed,Married,135024.44,151,7.23,Good,0.56,436,1
53,Female,88946.07,Self-Employed,Single,139426.54,294,11.28,Good,0.56,807,1
53,Male,22322.05,Self-Employed,Single,239084.08,323,10.33,Poor,0.37,526,1
63,Male,123583.72,Unemployed,Single,492000.95,245,10.44,Good,0.35,619,1
57,Female,58241.84,Self-Employed,Married,138134.68,34,11.35,Fair,0.19,481,1
32,Male,138538.68,Salaried,Divorced,206451.1,164,10.12,Good,0.39,385,1
23,Female,145776.46,Unemployed,Single,446282.61,288,8.43,Fair,0.18,766,0
21,Female,44109.65,Unemployed,Divorced,6445.91,72,6.67,Fair,0.71,352,1
53,Male,80072.65,Salaried,Divorced,24684.15,330,12.34,Poor,0.87,534,0
60,Male,20160.14,Salaried,Single,304015.48,63,6.1,Fair,0.88,732,1
30,Male,97782.54,Self-Employed,Married,454153.18,355,11.46,Poor,0.79,795,1
63,Female,98949.84,Self-Employed,Divorced,123234.05,164,6.18,Fair,0.58,399,1
64,Male,52180.19,Salaried,Divorced,237472.68,248,10.69,Fair,0.66,702,1
49,Female,92593.65,Salaried,Married,227980.32,322,12.09,Poor,0.33,695,0
33,Female,49320.22,Self-Employed,Divorced,239120.82,313,6.02,Good,0.6,826,0
32,Female,40907.31,Salaried,Single,313147.25,43,4.19,Poor,0.46,714,0
51,Male,104697.53,Salaried,Single,237523.16,66,5.01,Poor,0.49,762,0
22,Female,62370.31,Unemployed,Single,226496.73,47,10.47,Poor,0.71,840,0
55,Female,96734.31,Unemployed,Divorced,239772.77,121,13.27,Fair,0.33,663,0
43,Male,76322.08,Salaried,Single,297479.38,188,4.02,Good,0.35,429,1
37,Male,147965.68,Self-Employed,Single,270818.71,325,11.94,Poor,0.84,383,0
46,Male,39445.48,Salaried,Divorced,427797.32,306,7.43,Good,0.14,570,1
28,Male,80397.82,Self-Employed,Married,29500.94,347,9.0,Good,0.49,543,1
49,Female,108459.36,Self-Employed,Divorced,417491.95,108,14.18,Poor,0.83,687,1
46,Female,71420.86,Unemployed,Married,422742.68,224,7.32,Good,0.59,513,0
30,Male,146710.98,Salaried,Divorced,146029.47,328,8.85,Poor,0.54,465,1
46,Male,113845.39,Self-Employed,Divorced,234111.72,148,3.66,Fair,0.3,358,1
54,Male,105407.9,Salaried,Married,222076.55,17,4.44,Good,0.37,803,1
61,Male,118417.7,Salaried,Married,113162.37,120,6.47,Good,0.78,422,1
27,Female,143844.32,Self-Employed,Divorced,201414.44,46,3.82,Good,0.55,712,1
24,Female,138016.42,Unemployed,Divorced,26971.95,50,10.76,Good,0.51,438,0
31,Female,114157.09,Unemployed,Single,142521.93,161,8.4,Good,0.18,528,0
49,Female,117391.01,Self-Employed,Single,409257.68,129,9.8,Good,0.11,573,0
56,Male,38969.87,Unemployed,Married,145858.34,272,5.51,Good,0.87,738,0
45,Female,33363.01,Unemployed,Single,410012.3,98,6.9,Fair,0.4,417,1
41,Male,94217.59,Unemployed,Married,268141.73,87,11.13,Good,0.58,782,0
56,Female,22387.79,Salaried,Divorced,440532.03,324,14.6,Good,0.16,694,1
30,Male,82706.33,Unemployed,Single,289515.88,225,4.08,Poor,0.65,759,1
57,Male,47345.45,Salaried,Married,19685.77,296,13.74,Good,0.85,377,0
29,Female,64982.15,Salaried,Single,339333.0,250,10.13,Good,0.56,711,0
44,Male,120854.62,Salaried,Married,27202.52,176,9.99,Good,0.2,374,0
55,Female,142360.88,Unemployed,Single,228045.52,98,9.25,Fair,0.57,594,0
55,Male,29414.12,Salaried,Married,465066.21,152,4.3,Poor,0.71,320,0
56,Female,89451.49,Self-Employed,Single,86775.95,171,4.53,Good,0.43,470,1
38,Male,134729.35,Unemployed,Divorced,197986.81,57,10.41,Good,0.8,314,0
59,Male,30726.11,Self-Employed,Single,366280.85,123,7.42,Fair,0.62,510,0
52,Female,127186.83,Salaried,Married,441717.99,56,14.05,Fair,0.82,385,0
44,Male,66514.18,Self-Employed,Married,337116.79,258,8.18,Fair,0.6,448,0
43,Male,61872.31,Salaried,Single,132795.76,115,5.15,Poor,0.21,671,1
52,Female,147070.63,Self-Employed,Divorced,338930.89,96,11.72,Fair,0.35,779,0
57,Female,46111.68,Salaried,Married,151880.18,145,6.87,Good,0.26,450,0
32,Female,110115.21,Self-Employed,Married,360622.47,119,9.54,Poor,0.83,440,1
33,Male,126787.29,Salaried,Married,477246.4,29,11.53,Poor,0.71,368,0
43,Female,25353.85,Self-Employed,Married,362089.76,105,13.85,Poor,0.64,559,1
45,Male,107150.11,Self-Employed,Married,432125.85,161,12.61,Poor,0.34,820,0
55,Female,143701.5,Self-Employed,Married,6041.4,257,11.28,Good,0.25,670,0
61,Female,36148.6,Unemployed,Divorced,360198.2,300,11.32,Good,0.71,718,1
50,Male,136508.77,Salaried,Single,415645.84,220,14.38,Poor,0.48,400,0
37,Male,97320.96,Salaried,Divorced,25076.58,137,6.9,Good,0.28,542,0
40,Female,100158.6,Salaried,Single,436440.88,246,3.51,Fair,0.59,811,0
45,Male,99682.74,Salaried,Divorced,132063.64,133,6.63,Fair,0.13,394,1
42,Female,58848.67,Salaried,Divorced,334319.59,149,6.01,Good,0.36,525,1
33,Male,141576.24,Self-Employed,Single,401175.67,126,11.11,Fair,0.47,817,0
39,Female,143155.56,Self-Employed,Married,333018.93,173,10.79,Fair,0.22,513,1
56,Male,101289.61,Salaried,Single,50680.97,212,10.32,Fair,0.89,366,1
32,Female,121844.95,Unemployed,Single,300179.15,245,3.69,Poor,0.27,695,1
61,Male,99593.54,Self-Employed,Single,277043.91,39,11.88,Fair,0.2,311,1
39,Female,82971.8,Self-Employed,Single,450659.03,22,7.22,Poor,0.26,536,1
32,Male,105906.62,Self-Employed,Single,205098.67,217,11.15,Fair,0.72,698,0
29,Male,91890.19,Self-Employed,Divorced,163935.14,178,9.9,Fair,0.44,706,0
27,Female,97671.86,Self-Employed,Single,376176.13,258,7.44,Fair,0.55,779,1
48,Female,121898.23,Salaried,Single,209274.29,58,5.05,Good,0.12,521,0
34,Female,82517.5,Unemployed,Married,324817.61,257,4.59,Good,0.13,455,1
51,Male,25298.03,Salaried,Divorced,324992.79,138,13.06,Good,0.46,727,0
39,Male,41319.93,Self-Employed,Single,444579.34,158,14.06,Poor,0.75,457,1
36,Female,77018.94,Unemployed,Divorced,301352.74,129,10.97,Good,0.81,715,1
25,Female,114227.45,Self-Employed,Divorced,253566.04,163,4.69,Poor,0.17,625,0
55,Male,97126.22,Unemployed,Married,73741.31,83,8.12,Fair,0.53,670,1
32,Male,104538.24,Salaried,Single,62290.12,148,11.88,Good,0.83,643,1
45,Female,82306.26,Salaried,Single,81389.17,186,12.47,Fair,0.41,561,0
41,Male,100046.46,Self-Employed,Single,90065.0,300,4.86,Poor,0.76,582,0
56,Female,62772.27,Self-Employed,Married,320749.16,30,3.5,Fair,0.21,528,0
43,Male,81123.74,Unemployed,Married,371785.72,206,11.69,Poor,0.85,579,0
36,Male,116756.28,Unemployed,Married,267345.8,341,7.6,Fair,0.7,589,0
59,Female,133338.26,Unemployed,Single,415363.78,186,6.43,Good,0.85,346,0
62,Female,76375.19,Unemployed,Married,495675.3,152,3.65,Fair,0.64,513,1
59,Female,25676.02,Salaried,Married,410906.25,257,9.71,Fair,0.39,323,0
34,Male,41017.43,Unemployed,Married,348966.77,104,13.29,Fair,0.85,620,1
51,Male,22711.95,Unemployed,Divorced,268583.89,250,14.51,Poor,0.32,573,1
25,Male,104924.19,Self-Employed,Married,227182.27,216,10.01,Poor,0.37,612,1
55,Male,63200.9,Self-Employed,Single,46774.23,59,9.42,Good,0.66,662,1
43,Female,90522.22,Salaried,Single,202687.53,256,4.48,Fair,0.71,679,1
49,Female,84125.99,Self-Employed,Single,455516.65,331,9.81,Fair,0.84,769,0
63,Male,30598.44,Salaried,Single,404971.2,328,7.87,Poor,0.26,415,1
31,Male,72423.98,Salaried,Single,111945.43,306,10.48,Poor,0.74,341,1
38,Female,48672.95,Unemployed,Divorced,235970.85,139,7.97,Good,0.69,678,1
32,Male,74391.97,Unemployed,Married,409277.99,355,6.26,Fair,0.15,505,1
29,Female,46465.18,Salaried,Married,38355.35,293,4.59,Fair,0.41,765,0
30,Male,129258.81,Salaried,Single,196759.33,28,7.12,Fair,0.33,579,0
64,Female,42645.13,Salaried,Divorced,426661.41,82,4.61,Good,0.34,417,0
37,Female,144901.47,Unemployed,Divorced,204929.44,280,5.53,Poor,0.89,536,1
58,Female,74067.96,Unemployed,Divorced,43419.25,336,14.85,Fair,0.61,608,0
27,Male,130011.89,Salaried,Married,273554.51,293,8.61,Good,0.67,755,1
33,Male,101739.43,Salaried,Married,431562.53,316,9.62,Fair,0.88,774,0
60,Male,115595.54,Self-Employed,Married,297191.34,18,13.55,Good,0.4,399,0
62,Male,119804.11,Unemployed,Single,117008.16,325,14.95,Poor,0.74,560,1
29,Male,85629.83,Salaried,Divorced,195198.61,316,10.2,Poor,0.45,604,1
47,Male,90629.07,Unemployed,Married,227811.06,114,12.84,Fair,0.8,653,1
22,Male,86819.46,Unemployed,Married,291736.85,320,7.26,Good,0.24,585,1
25,Female,96447.59,Salaried,Married,380878.76,204,7.02,Fair,0.86,627,0
49,Male,23821.28,Unemployed,Single,53942.44,252,8.13,Poor,0.28,402,0
57,Male,71416.97,Unemployed,Single,445377.76,73,11.23,Good,0.36,362,0
58,Female,98804.53,Salaried,Divorced,11093.3,28,11.35,Good,0.7,581,1
39,Male,97704.06,Unemployed,Divorced,188175.91,182,7.13,Poor,0.42,740,0
28,Male,123084.29,Unemployed,Single,18573.05,36,5.03,Good,0.59,592,1
21,Male,105151.21,Unemployed,Single,199522.24,262,10.77,Fair,0.46,306,1
42,Female,148977.33,Self-Employed,Married,265277.24,264,4.98,Poor,0.69,391,1
37,Male,56901.09,Self-Employed,Married,258282.29,218,10.15,Poor,0.28,489,1
27,Male,66689.63,Self-Employed,Married,86986.03,40,11.47,Fair,0.15,775,0
45,Female,69900.13,Unemployed,Single,324641.55,128,11.56,Good,0.34,810,0
24,Male,80555.66,Self-Employed,Married,27165.33,293,12.16,Poor,0.48,761,0
56,Male,128679.75,Salaried,Single,382143.88,155,13.54,Good,0.23,352,0
26,Female,50652.97,Unemployed,Married,473588.99,36,9.25,Fair,0.38,785,0
51,Male,120880.03,Self-Employed,Single,173185.57,321,11.9,Poor,0.42,789,0
39,Male,72690.32,Unemployed,Single,261033.49,167,10.62,Poor,0.15,663,0
64,Female,98241.2,Self-Employed,Single,192560.59,84,5.65,Good,0.57,411,1
59,Male,102230.27,Unemployed,Married,8321.64,131,3.8,Poor,0.81,708,0
47,Female,68470.32,Unemployed,Divorced,196007.88,323,6.77,Fair,0.22,306,0
30,Male,86639.98,Salaried,Married,396901.53,332,8.59,Poor,0.58,496,0
46,Female,73694.05,Self-Employed,Divorced,300014.48,104,10.6,Good,0.63,666,0
39,Male,28987.26,Unemployed,Divorced,55123.66,97,13.27,Fair,0.44,549,1
59,Female,76831.5,Self-Employed,Married,424334.05,347,5.76,Poor,0.66,539,1
23,Female,32661.14,Unemployed,Divorced,267887.25,129,4.94,Poor,0.43,679,1
33,Male,72652.7,Salaried,Single,421653.06,244,14.58,Poor,0.5,770,1
48,Female,97079.39,Self-Employed,Married,292209.65,210,4.74,Good,0.11,754,0
40,Male,95323.94,Unemployed,Divorced,282045.78,217,9.0,Fair,0.65,665,1
48,Male,106140.77,Unemployed,Single,57103.3,350,10.23,Fair,0.63,589,1
28,Male,32384.0,Unemployed,Single,87843.07,158,9.73,Good,0.13,702,1
61,Female,104776.02,Salaried,Divorced,486152.5,282,4.49,Poor,0.39,357,0
59,Male,60579.25,Self-Employed,Divorced,118100.94,150,4.16,Good,0.88,820,1
21,Female,71875.97,Unemployed,Single,488838.8,192,4.71,Good,0.44,603,0
23,Female,131538.21,Unemployed,Married,268296.79,41,10.23,Good,0.5,414,0
33,Male,21173.95,Self-Employed,Married,72215.58,68,9.76,Poor,0.83,509,1
48,Female,96493.64,Self-Employed,Divorced,54154.59,243,6.19,Fair,0.67,340,1
45,Female,97832.82,Salaried,Single,108387.71,157,10.83,Good,0.57,472,1
53,Female,71565.77,Salaried,Single,463190.48,59,12.93,Good,0.74,533,1
58,Male,50813.62,Salaried,Single,210004.36,205,3.98,Fair,0.79,702,0
26,Male,50507.62,Self-Employed,Divorced,200739.96,235,9.23,Poor,0.47,338,0
64,Male,134882.26,Self-Employed,Married,160037.1,147,11.43,Fair,0.48,418,1
52,Male,77463.17,Salaried,Single,77795.62,33,6.4,Fair,0.41,634,1
41,Male,63015.62,Unemployed,Single,246486.34,17,7.04,Poor,0.87,635,1
36,Male,78341.08,Unemployed,Married,69373.65,215,10.56,Poor,0.66,838,1
41,Male,107020.75,Unemployed,Single,418562.72,250,13.83,Fair,0.17,373,0
31,Female,38948.35,Unemployed,Single,188346.51,196,12.81,Good,0.79,490,1
57,Male,78426.4,Self-Employed,Divorced,190527.77,303,10.21,Poor,0.48,623,1
56,Male,96424.97,Unemployed,Divorced,239633.18,346,11.9,Poor,0.16,446,1
55,Male,143315.84,Salaried,Married,224843.22,231,7.7,Fair,0.54,583,1
39,Male,52828.61,Unemployed,Married,497454.7,127,10.87,Good,0.43,512,0
40,Male,66702.6,Self-Employed,Divorced,274963.66,324,8.86,Poor,0.8,693,1
38,Male,69316.62,Unemployed,Married,48659.84,60,5.68,Good,0.26,638,1
61,Male,98719.96,Salaried,Married,305404.28,184,11.57,Fair,0.76,321,0
34,Female,66375.17,Unemployed,Single,80034.22,93,9.9,Good,0.55,404,0
35,Male,89356.55,Self-Employed,Married,20314.13,333,7.62,Poor,0.14,765,1
51,Female,121632.74,Salaried,Divorced,485517.37,344,13.98,Poor,0.88,758,0
21,Female,111700.13,Unemployed,Married,387901.75,56,3.74,Fair,0.51,731,0
23,Female,78027.92,Unemployed,Divorced,490153.95,346,7.13,Fair,0.33,520,1
36,Female,132348.1,Self-Employed,Married,241549.83,31,4.15,Fair,0.48,678,1
43,Female,92558.23,Salaried,Married,268467.48,232,12.32,Good,0.79,521,1
31,Female,90187.76,Unemployed,Divorced,88326.79,134,11.57,Fair,0.34,557,0
32,Female,24444.41,Self-Employed,Married,127219.18,245,7.31,Poor,0.25,666,0
30,Female,148270.09,Unemployed,Divorced,420081.86,232,11.27,Fair,0.2,648,1
52,Female,35986.21,Salaried,Divorced,181311.9,334,8.05,Good,0.34,524,1
36,Male,50047.02,Salaried,Married,414273.41,350,12.2,Poor,0.72,535,1
28,Female,26720.59,Salaried,Divorced,355961.79,14,8.72,Good,0.48,482,0
58,Male,103200.39,Self-Employed,Divorced,92699.61,193,8.24,Poor,0.28,743,0
32,Female,49211.15,Salaried,Divorced,256185.95,217,14.25,Good,0.23,305,1
44,Male,43401.36,Self-Employed,Married,340306.72,331,6.39,Good,0.37,535,1
48,Male,31512.23,Salaried,Single,121343.42,51,4.89,Poor,0.85,426,0
28,Female,33430.16,Salaried,Married,416190.81,70,10.22,Good,0.37,403,1
48,Male,96007.19,Salaried,Single,274689.69,73,14.65,Poor,0.89,779,1
56,Female,109467.02,Salaried,Divorced,86794.81,143,7.85,Fair,0.49,454,0
46,Female,71659.27,Unemployed,Divorced,293577.29,71,4.21,Good,0.24,556,0
28,Male,82386.62,Self-Employed,Married,499858.33,342,7.4,Good,0.81,534,1
48,Female,109175.81,Salaried,Single,79508.14,133,9.32,Fair,0.47,799,1
48,Female,22259.37,Self-Employed,Divorced,409294.68,118,5.36,Poor,0.67,588,1
57,Female,62006.99,Salaried,Married,107617.96,107,11.07,Good,0.89,809,1
61,Female,146502.71,Unemployed,Divorced,392282.22,358,14.97,Good,0.14,597,1
56,Female,95414.59,Unemployed,Divorced,368616.07,246,8.7,Good,0.18,436,1
47,Female,53049.2,Salaried,Divorced,153742.25,73,7.58,Poor,0.68,675,0
37,Female,87824.91,Salaried,Married,166282.44,267,8.11,Good,0.33,386,1
29,Female,64544.95,Unemployed,Divorced,397298.09,60,4.82,Poor,0.25,718,1
53,Female,89191.85,Salaried,Single,233415.53,359,13.66,Fair,0.13,498,1
40,Male,36346.4,Salaried,Divorced,366754.92,170,8.27,Good,0.12,762,0
33,Female,37252.9,Unemployed,Single,78252.15,135,7.95,Poor,0.72,736,1
48,Female,38660.51,Unemployed,Single,427016.1,328,11.09,Good,0.21,609,0
49,Male,142176.57,Unemployed,Single,356887.93,218,8.58,Fair,0.47,580,1
33,Male,115276.86,Unemployed,Married,453936.69,59,10.95,Fair,0.58,622,1
55,Female,41109.65,Self-Employed,Married,70524.33,147,4.21,Good,0.44,451,1
26,Female,44485.38,Unemployed,Married,298542.18,212,12.86,Poor,0.12,601,1
38,Female,115007.83,Unemployed,Single,301564.69,261,14.32,Poor,0.73,577,0
25,Male,40301.3,Self-Employed,Married,179963.07,325,10.96,Good,0.11,307,1
45,Female,50492.97,Self-Employed,Divorced,231940.88,329,14.48,Poor,0.71,534,1
22,Female,145235.09,Salaried,Divorced,23800.87,306,5.24,Fair,0.81,601,0
30,Female,53189.85,Self-Employed,Married,374200.72,325,8.99,Poor,0.45,337,0
50,Female,106012.21,Unemployed,Married,276914.63,220,10.42,Poor,0.53,435,1
25,Female,147222.07,Unemployed,Divorced,33581.82,222,10.19,Fair,0.48,720,0
53,Female,68658.58,Unemployed,Divorced,341974.17,203,8.12,Poor,0.41,518,0
21,Male,22277.08,Salaried,Single,236057.13,55,7.39,Good,0.81,647,0
38,Female,51739.15,Unemployed,Divorced,22058.32,40,4.96,Poor,0.82,845,1
52,Female,128014.03,Self-Employed,Single,484955.82,70,8.01,Poor,0.37,378,0
31,Male,132399.15,Unemployed,Single,474810.51,82,5.37,Good,0.59,572,1
41,Female,119907.52,Salaried,Single,258886.7,103,11.95,Fair,0.84,460,0
46,Female,34704.28,Salaried,Divorced,51367.85,276,5.9,Fair,0.87,607,0
45,Female,123416.35,Salaried,Single,378537.5,231,4.17,Poor,0.51,673,1
42,Female,139428.11,Salaried,Divorced,248505.89,226,9.85,Poor,0.46,308,0
47,Female,98079.24,Unemployed,Single,154711.5,288,10.35,Fair,0.32,743,1
33,Male,142313.8,Self-Employed,Single,248252.0,75,13.53,Poor,0.87,412,0
53,Female,127489.05,Self-Employed,Single,263609.85,357,10.14,Fair,0.21,504,1
54,Female,106706.3,Self-Employed,Married,283542.29,303,7.47,Poor,0.56,704,0
61,Female,95034.08,Self-Employed,Divorced,223405.74,256,12.73,Good,0.33,496,1
55,Male,65314.58,Self-Employed,Divorced,304848.88,73,9.71,Poor,0.32,414,0
21,Female,40707.37,Unemployed,Single,459773.68,343,4.41,Good,0.42,420,0
41,Female,98644.01,Salaried,Single,184322.7,181,10.01,Poor,0.9,364,1
26,Female,61354.5,Salaried,Single,364229.65,280,13.94,Good,0.14,575,0
48,Male,132637.03,Unemployed,Divorced,447754.02,278,8.06,Poor,0.56,538,1
37,Male,149133.8,Salaried,Single,230709.74,65,6.91,Poor,0.17,601,0
25,Male,117815.61,Self-Employed,Divorced,224510.64,27,5.15,Fair,0.22,691,0
51,Female,31762.62,Unemployed,Single,303047.91,19,5.24,Poor,0.45,821,1
25,Male,57529.13,Self-Employed,Single,297746.35,115,8.48,Good,0.51,668,0
58,Female,34184.25,Unemployed,Divorced,404261.72,70,10.35,Fair,0.31,532,0
23,Male,104566.51,Unemployed,Divorced,240859.27,324,4.43,Fair,0.35,494,0
43,Female,119474.81,Salaried,Divorced,498080.86,51,14.31,Good,0.17,311,1
57,Female,140337.73,Self-Employed,Divorced,34438.43,248,12.18,Good,0.34,476,1
57,Female,76962.41,Unemployed,Divorced,6568.09,105,10.25,Fair,0.87,516,1
30,Female,137178.83,Unemployed,Divorced,321898.16,233,13.03,Fair,0.86,310,1
30,Male,134125.85,Unemployed,Married,152725.28,215,4.42,Good,0.37,745,1
39,Male,61235.44,Unemployed,Divorced,123989.28,149,8.98,Good,0.56,463,1
37,Male,132957.08,Unemployed,Divorced,159390.04,311,10.75,Good,0.83,352,0
41,Female,68837.39,Unemployed,Single,131743.54,218,13.03,Fair,0.1,517,0
34,Female,58593.01,Unemployed,Divorced,20241.07,347,12.51,Fair,0.75,659,1
29,Male,104379.71,Self-Employed,Divorced,485908.86,92,6.69,Poor,0.86,684,1
21,Female,62689.56,Self-Employed,Married,114269.02,229,14.32,Good,0.17,355,1
33,Male,101927.14,Salaried,Divorced,368344.73,13,4.93,Good,0.23,417,1
24,Female,99278.13,Salaried,Divorced,382485.22,189,13.56,Fair,0.87,552,1
21,Female,93247.06,Unemployed,Single,464982.41,357,14.67,Good,0.53,479,0
60,Male,69454.56,Salaried,Divorced,20121.98,290,5.54,Poor,0.11,714,1
52,Male,91304.96,Self-Employed,Single,436663.93,157,11.8,Poor,0.31,534,1
54,Male,97543.11,Self-Employed,Divorced,265976.96,329,3.96,Fair,0.46,379,0
48,Male,90939.3,Unemployed,Married,318109.33,235,8.16,Poor,0.65,321,0
51,Female,77774.53,Salaried,Single,324012.79,73,9.44,Good,0.69,776,0
28,Male,21906.72,Self-Employed,Divorced,410799.91,305,10.18,Good,0.9,739,0
59,Female,96318.02,Self-Employed,Single,170036.62,250,14.26,Poor,0.33,392,1
46,Male,41897.77,Unemployed,Married,367860.34,206,11.23,Poor,0.53,491,1
54,Male,103534.88,Unemployed,Divorced,266646.16,177,9.03,Good,0.53,402,1
23,Female,118714.76,Self-Employed,Single,397730.04,233,12.81,Good,0.42,695,0
32,Male,85057.89,Salaried,Married,495320.29,72,14.43,Fair,0.24,306,1
21,Male,90507.28,Self-Employed,Married,104322.25,140,3.75,Good,0.88,530,1
64,Female,143692.21,Salaried,Married,497351.08,184,14.8,Good,0.78,539,0
25,Male,130131.76,Unemployed,Married,49457.02,167,4.49,Fair,0.5,389,1
50,Male,138850.75,Unemployed,Divorced,6147.19,121,12.87,Good,0.58,531,1
50,Female,125789.62,Unemployed,Married,26860.16,280,6.72,Fair,0.28,756,1
37,Male,34159.38,Unemployed,Single,174182.29,289,5.02,Good,0.54,532,0
43,Female,39368.94,Self-Employed,Single,318288.63,85,8.56,Poor,0.66,653,0
35,Male,88461.09,Self-Employed,Divorced,39169.62,218,10.91,Poor,0.51,632,0
57,Male,51989.06,Self-Employed,Single,7804.58,290,7.88,Fair,0.89,738,0
41,Female,81970.41,Self-Employed,Single,468860.06,337,4.13,Fair,0.59,674,1
34,Male,71267.49,Unemployed,Single,411853.68,351,10.39,Good,0.4,591,0
22,Female,91423.85,Salaried,Single,405545.67,351,13.88,Good,0.72,644,0
31,Male,117093.84,Salaried,Married,442790.02,215,7.91,Good,0.24,727,0
59,Female,113013.82,Unemployed,Married,351516.97,172,5.99,Good,0.41,429,0
58,Male,87760.44,Unemployed,Single,56680.04,39,8.59,Good,0.38,440,1
54,Male,126911.14,Salaried,Married,202554.59,268,4.06,Good,0.45,714,1
58,Male,76012.07,Self-Employed,Single,362959.0,176,12.94,Good,0.73,392,0
54,Female,136572.86,Unemployed,Married,143765.56,74,13.0,Good,0.49,583,0
38,Male,29266.44,Salaried,Divorced,345266.15,33,10.26,Good,0.74,522,1
50,Female,144105.8,Self-Employed,Married,17126.73,81,7.56,Good,0.56,762,1
35,Female,105110.1,Self-Employed,Married,156537.98,107,12.7,Good,0.37,844,1
47,Female,69409.69,Salaried,Married,276819.52,174,9.88,Fair,0.75,575,1
54,Male,45630.04,Salaried,Divorced,317884.47,90,13.0,Good,0.29,439,0
58,Female,82293.82,Self-Employed,Single,290635.13,16,10.76,Fair,0.28,656,1
53,Female,45292.58,Salaried,Divorced,350389.36,327,12.52,Poor,0.5,322,0
44,Female,41623.11,Salaried,Divorced,8013.93,131,10.38,Poor,0.31,569,1
35,Female,100255.73,Unemployed,Divorced,54965.89,313,8.26,Good,0.11,632,1
50,Male,88001.01,Salaried,Married,435127.4,189,14.52,Good,0.62,384,1
62,Male,107112.48,Self-Employed,Divorced,342465.58,187,9.72,Fair,0.51,330,1
37,Male,140848.76,Self-Employed,Single,60901.16,228,10.46,Fair,0.46,539,1
25,Male,89193.83,Self-Employed,Single,421826.85,67,6.04,Good,0.87,662,1
49,Male,95521.17,Unemployed,Married,124904.45,198,10.69,Good,0.56,688,1
24,Male,31651.42,Unemployed,Married,241738.64,243,10.07,Fair,0.79,598,0
30,Male,113292.65,Self-Employed,Married,76872.27,266,5.63,Fair,0.21,670,0
37,Male,71987.68,Salaried,Married,356504.48,115,4.19,Fair,0.56,398,1
30,Female,146974.28,Salaried,Single,335092.94,88,10.45,Poor,0.79,346,1
37,Female,127012.62,Salaried,Married,109500.67,241,12.28,Poor,0.57,721,0
40,Male,87922.54,Unemployed,Divorced,432383.38,269,9.52,Fair,0.67,779,1
44,Male,36018.95,Self-Employed,Divorced,203646.48,275,6.11,Fair,0.4,361,0
25,Female,131724.05,Self-Employed,Single,149794.97,342,11.17,Poor,0.17,408,0
54,Female,123971.54,Unemployed,Divorced,80403.15,193,4.42,Fair,0.47,848,1
26,Male,43996.07,Self-Employed,Single,136753.17,267,8.58,Poor,0.42,418,0
22,Female,58386.18,Self-Employed,Single,15903.33,49,5.38,Poor,0.79,681,1
33,Male,123142.94,Unemployed,Single,293712.46,187,5.62,Poor,0.3,691,0
63,Female,44079.7,Self-Employed,Single,421904.22,38,5.83,Fair,0.87,351,0
63,Male,139307.82,Salaried,Divorced,276745.32,287,7.95,Fair,0.87,588,0
31,Male,75188.57,Salaried,Single,113540.61,151,4.09,Poor,0.3,636,0
43,Female,31315.07,Salaried,Divorced,21666.24,310,8.07,Fair,0.38,503,0
36,Female,126047.32,Self-Employed,Single,111240.9,298,9.38,Poor,0.82,537,0
51,Female,68556.26,Unemployed,Married,210980.11,102,9.06,Fair,0.87,681,0
31,Female,88444.9,Salaried,Married,381007.66,72,7.9,Poor,0.45,435,1
36,Male,34599.56,Salaried,Married,97982.21,358,13.15,Fair,0.36,706,0
28,Female,20335.92,Unemployed,Single,361296.77,174,5.17,Good,0.52,807,0
24,Male,102938.08,Salaried,Married,434132.07,154,9.32,Good,0.65,661,1
60,Female,86972.77,Salaried,Married,229703.69,264,4.21,Good,0.32,680,1
24,Male,97160.01,Unemployed,Single,411608.84,280,4.32,Poor,0.69,553,1
45,Male,123186.7,Self-Employed,Single,279555.39,302,10.1,Fair,0.14,776,1
23,Male,104058.77,Unemployed,Single,320359.96,198,10.01,Fair,0.14,413,0
52,Male,42720.55,Salaried,Married,265507.84,315,13.6,Poor,0.41,319,0
23,Male,66900.43,Unemployed,Married,234270.49,302,9.92,Poor,0.38,827,1
47,Male,137765.84,Self-Employed,Divorced,121153.45,97,14.54,Good,0.35,444,1
49,Female,120092.81,Self-Employed,Divorced,155081.06,177,4.06,Poor,0.49,507,1
52,Female,92362.82,Salaried,Single,148535.21,125,4.63,Good,0.36,830,1
39,Male,53233.85,Self-Employed,Single,283828.02,194,4.01,Poor,0.25,675,0
41,Female,59267.87,Self-Employed,Single,64377.08,218,5.63,Poor,0.35,803,1
25,Male,115154.55,Self-Employed,Divorced,458811.89,267,9.72,Poor,0.88,465,1
38,Male,130652.65,Unemployed,Married,361724.3,246,10.92,Fair,0.43,849,1
48,Female,107285.21,Unemployed,Single,203715.59,14,4.02,Fair,0.46,480,1
62,Male,125238.9,Salaried,Single,83518.95,219,14.38,Poor,0.56,743,1
42,Male,119665.3,Self-Employed,Divorced,441586.12,208,13.18,Fair,0.89,631,0
41,Female,39461.52,Unemployed,Married,412770.15,352,6.91,Fair,0.29,802,0
26,Female,75112.83,Self-Employed,Married,362252.17,136,4.39,Fair,0.65,378,1
21,Male,39887.89,Self-Employed,Single,139415.79,149,5.45,Poor,0.67,695,0
25,Male,50580.63,Unemployed,Single,204211.09,350,4.96,Good,0.59,402,0
61,Female,133003.75,Self-Employed,Married,55860.38,36,4.92,Poor,0.17,701,0
32,Male,81475.96,Self-Employed,Single,98574.56,79,9.46,Good,0.64,523,0
46,Male,89596.55,Salaried,Divorced,392593.24,72,6.33,Poor,0.15,817,1
54,Female,43197.98,Self-Employed,Single,358944.17,40,7.62,Fair,0.58,535,1
34,Male,60595.33,Salaried,Married,298775.45,30,14.88,Fair,0.69,726,1
46,Female,49932.0,Unemployed,Married,448384.73,182,11.37,Good,0.27,415,1
47,Male,46804.2,Self-Employed,Married,293716.93,85,14.41,Poor,0.77,462,0
29,Male,102934.9,Salaried,Divorced,236149.16,72,5.14,Poor,0.12,525,0
46,Male,53394.9,Unemployed,Divorced,173483.52,164,7.89,Good,0.78,529,0
42,Female,102162.01,Salaried,Married,470522.01,287,9.88,Fair,0.47,481,1
50,Male,27599.1,Salaried,Single,45944.15,59,4.38,Poor,0.27,548,0
63,Female,38430.67,Salaried,Married,465789.25,222,3.55,Good,0.21,617,1
37,Female,55690.23,Unemployed,Married,414223.76,354,11.21,Poor,0.86,509,0
46,Female,97616.1,Salaried,Married,69315.31,150,10.88,Poor,0.16,691,0
56,Female,107859.36,Salaried,Single,284667.26,121,8.22,Poor,0.26,395,1
21,Female,77553.21,Salaried,Married,433941.25,194,9.13,Fair,0.38,385,1
28,Male,77952.82,Self-Employed,Single,288045.54,39,8.28,Poor,0.6,714,0
55,Male,114187.19,Unemployed,Married,454063.91,208,3.78,Good,0.54,693,1
35,Male,22056.74,Salaried,Divorced,471776.99,202,7.36,Good,0.2,800,1
42,Female,64341.7,Self-Employed,Single,214080.34,326,5.54,Fair,0.33,432,1
34,Male,126431.92,Salaried,Married,191770.26,62,4.63,Good,0.29,613,1
46,Male,98418.52,Self-Employed,Single,468478.97,160,14.5,Good,0.27,520,1
48,Female,63839.53,Self-Employed,Married,339194.33,279,10.39,Poor,0.43,737,1
43,Female,137718.22,Self-Employed,Divorced,62431.23,61,11.88,Poor,0.66,345,1
34,Male,120440.95,Self-Employed,Married,25934.42,257,7.13,Good,0.27,491,0
44,Female,54436.41,Salaried,Single,284491.38,124,8.02,Poor,0.39,819,0
22,Male,103887.68,Self-Employed,Single,465434.63,181,6.22,Fair,0.41,678,1
46,Male,97447.59,Unemployed,Single,422903.11,177,4.62,Poor,0.88,633,0
34,Female,72154.43,Salaried,Divorced,339544.63,25,5.56,Good,0.86,338,1
27,Male,67704.29,Unemployed,Divorced,73862.35,214,12.67,Fair,0.74,592,1
23,Male,64662.86,Unemployed,Divorced,130844.53,299,11.29,Good,0.29,461,0
43,Male,100230.25,Salaried,Married,438378.06,200,9.79,Fair,0.15,630,1
63,Female,77513.29,Salaried,Divorced,95489.58,166,8.96,Good,0.35,403,0
38,Male,128142.2,Salaried,Divorced,142827.51,66,14.11,Good,0.31,460,0
58,Male,107048.34,Salaried,Divorced,69152.32,193,4.34,Poor,0.5,353,0
55,Male,29091.11,Salaried,Divorced,339673.57,221,6.73,Good,0.72,333,0
35,Female,103221.87,Unemployed,Married,472271.24,86,7.52,Poor,0.79,541,1
45,Female,55249.17,Salaried,Married,138139.18,288,12.5,Poor,0.78,412,0
57,Male,97065.56,Self-Employed,Divorced,240326.27,144,14.91,Poor,0.39,617,0
48,Female,108417.15,Salaried,Divorced,318998.17,354,6.27,Poor,0.65,322,1
30,Female,50007.79,Unemployed,Single,499735.79,70,13.55,Good,0.35,417,0
59,Female,79391.62,Unemployed,Married,56879.99,356,13.05,Poor,0.15,511,0
37,Female,44742.23,Self-Employed,Married,251792.55,193,6.08,Fair,0.66,717,0
59,Male,26804.05,Unemployed,Married,195634.46,350,8.09,Fair,0.11,412,1
42,Female,69201.94,Salaried,Divorced,433580.98,332,8.21,Fair,0.43,343,0
46,Female,67182.76,Unemployed,Divorced,240604.03,75,14.75,Fair,0.36,427,1
64,Female,149412.46,Unemployed,Divorced,59933.87,338,5.58,Poor,0.65,457,1
45,Female,78025.81,Salaried,Divorced,319039.95,271,12.69,Fair,0.71,693,0
37,Male,63364.04,Salaried,Single,386536.41,204,7.34,Good,0.34,811,1
33,Female,95461.75,Salaried,Divorced,6426.22,154,11.91,Fair,0.75,344,1
40,Female,31539.76,Unemployed,Married,430183.56,115,8.33,Good,0.34,407,1
45,Female,145016.55,Self-Employed,Divorced,97081.39,225,10.15,Fair,0.46,518,1
24,Male,102544.81,Salaried,Single,278274.34,253,13.08,Good,0.68,742,0
30,Female,118128.92,Unemployed,Married,210819.76,220,12.75,Fair,0.65,614,0
23,Female,42162.13,Salaried,Married,361228.64,104,13.46,Fair,0.89,476,0
61,Female,73232.12,Salaried,Married,188725.0,153,4.19,Good,0.28,527,1
38,Female,74949.58,Salaried,Married,435532.77,123,11.46,Poor,0.63,566,0
56,Female,126834.84,Unemployed,Single,366595.7,70,5.11,Poor,0.59,678,1
42,Male,20160.77,Self-Employed,Married,325618.02,54,8.28,Poor,0.83,788,0
54,Female,59110.9,Unemployed,Single,399139.09,218,9.81,Fair,0.23,589,1
28,Male,147560.73,Salaried,Single,378241.4,279,8.13,Poor,0.7,656,1
60,Male,81735.25,Unemployed,Married,22789.64,307,9.48,Good,0.55,503,1
64,Male,69728.42,Unemployed,Married,200393.51,129,14.96,Poor,0.32,512,0
39,Male,35577.77,Self-Employed,Married,465749.61,31,5.05,Good,0.48,622,1
62,Female,146641.4,Salaried,Divorced,67233.51,233,11.27,Fair,0.37,480,0
61,Male,22603.43,Salaried,Single,369862.79,177,8.05,Fair,0.56,798,1
57,Female,115833.43,Salaried,Divorced,487422.95,142,5.03,Good,0.81,619,1
26,Male,119917.97,Unemployed,Single,30838.32,167,5.33,Poor,0.56,382,1
46,Male,51675.37,Unemployed,Divorced,342685.97,195,14.42,Poor,0.61,602,1
54,Male,107302.6,Salaried,Married,236736.3,101,13.62,Fair,0.51,561,1
26,Female,32080.79,Unemployed,Married,291691.75,105,13.93,Fair,0.14,499,1
57,Male,53416.14,Self-Employed,Married,47243.96,24,14.9,Good,0.29,539,0
53,Female,122427.26,Self-Employed,Married,26288.44,333,5.9,Fair,0.49,594,1
42,Female,132409.2,Salaried,Married,335099.0,304,7.59,Good,0.35,811,0
41,Female,99103.23,Salaried,Divorced,412538.17,241,11.2,Fair,0.25,695,0
26,Male,85889.0,Unemployed,Married,392097.59,333,9.06,Good,0.5,437,1
26,Female,40709.52,Salaried,Divorced,274183.84,303,8.31,Good,0.36,428,1
24,Female,28204.17,Unemployed,Divorced,54434.08,37,7.61,Good,0.31,348,1
50,Male,35294.37,Self-Employed,Married,345582.0,86,10.33,Good,0.47,592,1
31,Female,49556.45,Unemployed,Single,124735.0,310,10.12,Poor,0.21,835,0
50,Female,64417.69,Unemployed,Divorced,455979.01,161,5.36,Good,0.84,610,1
51,Male,69518.24,Salaried,Married,419941.35,159,8.93,Fair,0.79,836,0
44,Female,65021.83,Self-Employed,Single,356144.57,19,9.86,Poor,0.67,533,0
29,Female,51077.19,Salaried,Married,474678.75,40,10.06,Fair,0.18,508,1
23,Female,86264.15,Salaried,Single,20553.8,307,5.92,Good,0.72,393,1
51,Male,127287.19,Unemployed,Married,369419.21,220,12.04,Fair,0.75,626,1
60,Male,56361.46,Salaried,Single,168470.18,139,3.79,Good,0.71,524,1
57,Male,142510.31,Unemployed,Single,453502.61,351,7.58,Good,0.19,310,0
56,Male,133533.77,Unemployed,Married,137004.22,127,12.47,Poor,0.62,628,1
44,Female,41029.35,Unemployed,Divorced,363803.97,155,9.98,Good,0.77,311,0
51,Female,122215.87,Salaried,Divorced,439435.27,329,6.5,Poor,0.56,334,1
26,Male,94696.36,Salaried,Married,25620.13,246,11.49,Fair,0.62,746,1
22,Female,93654.8,Unemployed,Married,201835.55,18,10.02,Fair,0.47,751,1
40,Female,70835.56,Salaried,Married,382342.97,56,12.66,Fair,0.52,519,0
48,Male,85149.89,Self-Employed,Single,230184.85,250,11.95,Good,0.13,740,1
31,Female,71633.24,Self-Employed,Single,137290.05,166,10.52,Fair,0.61,834,0
24,Male,90165.24,Self-Employed,Married,113803.65,192,9.11,Poor,0.17,528,0
35,Female,101633.51,Self-Employed,Single,70101.54,226,5.03,Poor,0.45,643,1
26,Female,107659.49,Self-Employed,Divorced,429279.13,99,6.51,Fair,0.33,379,1
50,Female,89222.56,Unemployed,Single,289800.92,267,8.32,Fair,0.54,652,1
58,Female,113784.87,Salaried,Divorced,42810.55,84,10.39,Fair,0.21,695,0
22,Male,38366.15,Unemployed,Single,194377.26,190,9.41,Good,0.65,589,1
35,Female,47557.72,Unemployed,Divorced,187028.16,223,6.81,Poor,0.74,754,0
31,Female,126435.55,Self-Employed,Married,94960.9,304,3.57,Poor,0.23,427,0
28,Female,61928.64,Unemployed,Single,220576.27,245,9.21,Good,0.18,842,0
46,Male,22976.2,Self-Employed,Single,169389.19,250,6.78,Fair,0.22,658,0
64,Male,39992.85,Self-Employed,Divorced,174192.83,234,11.95,Poor,0.8,826,0
25,Female,49069.88,Unemployed,Married,370818.15,130,3.78,Poor,0.52,612,1
26,Male,144451.98,Self-Employed,Single,115515.38,324,10.23,Poor,0.47,374,1
46,Female,94495.39,Salaried,Divorced,322720.68,275,14.33,Fair,0.19,845,1
24,Male,141255.0,Salaried,Single,287471.56,218,5.51,Poor,0.62,495,1
39,Female,94771.24,Self-Employed,Divorced,286205.79,106,8.92,Fair,0.79,328,1
40,Male,82316.08,Unemployed,Single,333188.64,233,4.55,Good,0.76,315,1
53,Female,60784.6,Salaried,Single,276449.11,287,10.7,Fair,0.6,722,0
40,Female,98828.22,Self-Employed,Single,440231.28,242,9.83,Good,0.16,704,0
32,Female,38095.74,Salaried,Married,339412.15,320,8.18,Good,0.19,830,0
21,Female,136774.01,Salaried,Single,275746.81,130,9.5,Fair,0.14,376,0
46,Female,127813.21,Salaried,Divorced,415732.74,279,13.81,Poor,0.31,528,1
34,Female,61279.09,Salaried,Divorced,305042.55,284,5.76,Poor,0.21,596,0
58,Female,143863.68,Salaried,Divorced,149116.4,75,3.76,Fair,0.31,809,1
57,Male,127276.1,Self-Employed,Married,107511.98,309,13.41,Poor,0.41,837,0
31,Male,106619.9,Salaried,Divorced,80402.25,22,10.14,Poor,0.85,625,1
56,Female,35829.05,Self-Employed,Single,450230.33,109,13.74,Good,0.59,662,1
33,Female,82170.42,Unemployed,Divorced,356517.04,82,10.36,Fair,0.77,658,1
63,Male,85793.98,Unemployed,Married,469002.33,69,12.82,Poor,0.67,623,1
23,Female,50231.68,Self-Employed,Single,303629.44,301,8.44,Good,0.19,625,1
53,Male,30395.5,Self-Employed,Single,239333.44,262,12.12,Poor,0.69,464,0
26,Female,120974.07,Self-Employed,Single,34559.66,287,14.0,Poor,0.32,754,0
30,Female,35864.56,Salaried,Single,337462.93,61,10.08,Fair,0.61,452,0
25,Female,97257.8,Self-Employed,Divorced,293193.34,227,5.58,Poor,0.37,426,1
43,Male,141738.39,Unemployed,Divorced,495153.4,63,6.59,Poor,0.9,492,1
30,Male,133893.68,Unemployed,Single,123383.6,282,5.78,Good,0.31,829,1
64,Male,56107.84,Salaried,Married,267714.99,95,6.34,Good,0.32,309,0
22,Female,130688.32,Self-Employed,Single,327223.88,304,7.02,Fair,0.84,391,1
33,Female,20043.23,Self-Employed,Divorced,324072.63,137,9.88,Poor,0.12,438,1
60,Male,22299.42,Salaried,Divorced,282840.3,307,10.26,Poor,0.66,780,1
22,Female,98331.91,Salaried,Married,389579.37,83,8.4,Good,0.68,748,0
40,Male,67423.77,Self-Employed,Single,106465.7,307,10.58,Good,0.77,632,0
21,Female,70239.91,Unemployed,Divorced,364185.46,247,4.44,Poor,0.88,639,1
57,Male,93377.34,Self-Employed,Divorced,311768.61,67,4.51,Poor,0.88,351,0
29,Male,44931.72,Unemployed,Married,448557.18,121,5.48,Poor,0.15,765,0
37,Male,47528.2,Unemployed,Married,424361.25,203,9.46,Good,0.76,774,0
29,Female,82998.21,Salaried,Single,160997.78,104,5.96,Poor,0.62,700,0
31,Male,118052.96,Salaried,Divorced,141737.48,67,6.76,Fair,0.62,738,1
35,Male,100534.71,Unemployed,Divorced,490918.4,71,8.1,Fair,0.2,808,0
44,Female,58656.16,Unemployed,Divorced,265996.26,149,12.84,Fair,0.62,452,1
58,Female,75943.83,Self-Employed,Single,453678.38,50,3.66,Fair,0.89,813,0
55,Male,42186.42,Self-Employed,Married,86121.11,39,10.97,Fair,0.83,802,0
50,Male,29701.88,Self-Employed,Single,323195.36,60,11.19,Fair,0.45,305,1
51,Male,121750.49,Salaried,Divorced,405880.79,136,12.68,Fair,0.13,799,0
25,Male,54500.36,Unemployed,Divorced,473960.65,24,14.23,Good,0.39,417,0
64,Female,43109.63,Salaried,Married,171983.37,47,3.73,Good,0.76,784,0
34,Male,109910.35,Unemployed,Married,363865.68,112,5.27,Fair,0.66,767,0
31,Male,100346.72,Unemployed,Single,271712.44,293,13.69,Good,0.47,460,0
29,Female,102314.65,Unemployed,Single,35011.32,97,8.77,Fair,0.14,569,1
54,Male,49756.3,Self-Employed,Married,346549.87,15,9.99,Good,0.44,355,1
32,Female,50243.92,Salaried,Divorced,346597.8,234,11.12,Fair,0.48,527,0
55,Male,48704.34,Salaried,Single,465650.37,349,11.31,Good,0.84,448,0
55,Female,42587.84,Salaried,Married,251169.66,177,14.22,Good,0.61,345,0
21,Male,105244.08,Unemployed,Single,118974.21,355,14.96,Good,0.35,443,1
60,Female,130242.07,Unemployed,Single,27059.09,289,11.78,Fair,0.52,639,1
42,Male,114161.27,Self-Employed,Married,210742.88,141,6.8,Good,0.15,712,1
49,Female,122972.17,Unemployed,Married,154448.77,42,13.62,Poor,0.88,819,1
28,Male,72623.8,Self-Employed,Divorced,381738.71,22,4.07,Good,0.39,643,0
31,Female,105029.85,Unemployed,Married,180362.54,313,6.16,Good,0.48,686,1
61,Female,66050.71,Salaried,Divorced,474790.24,107,13.82,Fair,0.38,772,0
57,Male,88315.6,Self-Employed,Single,481343.55,201,6.45,Poor,0.65,574,1
34,Male,82612.53,Unemployed,Divorced,312349.75,203,6.04,Poor,0.63,652,1
50,Male,42995.33,Self-Employed,Single,464686.84,277,5.09,Poor,0.67,365,0
55,Female,70320.24,Salaried,Married,381622.9,139,13.38,Good,0.31,378,1
41,Female,145296.9,Self-Employed,Single,275695.52,249,9.25,Good,0.35,501,1
57,Male,52315.43,Self-Employed,Married,94252.43,123,11.26,Poor,0.2,412,0
25,Female,37394.49,Salaried,Divorced,232005.98,327,6.25,Good,0.62,390,0
39,Female,74415.48,Unemployed,Divorced,282632.86,354,12.22,Good,0.13,440,0
34,Male,122743.91,Unemployed,Divorced,432660.98,156,12.24,Fair,0.58,588,1
46,Male,95679.27,Self-Employed,Single,243260.02,76,7.09,Poor,0.8,710,0
24,Female,108526.73,Salaried,Single,449348.96,258,8.22,Good,0.81,676,1
45,Female,44660.33,Salaried,Married,338802.74,234,5.91,Poor,0.46,683,1
62,Female,100463.27,Unemployed,Single,72814.54,324,14.73,Fair,0.47,451,1
45,Female,62055.05,Salaried,Divorced,497515.78,117,10.92,Good,0.16,618,0
38,Male,128459.44,Unemployed,Single,265980.17,192,14.25,Poor,0.64,668,1
60,Female,101808.84,Unemployed,Single,198969.86,195,6.99,Poor,0.76,761,1
28,Male,45851.32,Self-Employed,Single,331261.31,237,12.49,Poor,0.3,311,1
59,Male,28400.17,Salaried,Divorced,58902.19,276,12.31,Poor,0.44,455,1
60,Male,25542.32,Unemployed,Divorced,320086.63,289,11.45,Fair,0.77,776,0
34,Female,68283.11,Self-Employed,Married,251626.82,100,14.6,Good,0.8,700,0
52,Female,54560.65,Unemployed,Single,206303.66,187,8.03,Poor,0.29,476,0
58,Male,103991.72,Salaried,Single,476744.91,29,5.0,Fair,0.54,640,1
53,Female,84913.4,Salaried,Single,263657.16,117,11.22,Good,0.25,356,1
43,Female,54582.51,Unemployed,Single,113463.15,282,11.89,Fair,0.18,747,0
35,Male,39400.91,Unemployed,Single,232186.92,330,10.11,Good,0.83,502,0
53,Female,36535.97,Self-Employed,Single,460096.77,178,5.88,Fair,0.76,501,1
45,Male,132405.85,Self-Employed,Married,92167.26,24,9.3,Poor,0.71,629,0
37,Male,51652.14,Salaried,Divorced,110908.73,348,7.09,Good,0.14,662,0
53,Female,104722.38,Unemployed,Divorced,11449.64,43,8.42,Fair,0.77,753,1
22,Female,125389.17,Salaried,Married,12024.07,51,10.92,Fair,0.45,655,1
34,Male,99830.57,Unemployed,Single,415548.86,159,12.07,Good,0.37,515,0
60,Male,131743.48,Self-Employed,Single,367400.69,229,6.17,Fair,0.54,322,1
60,Male,71011.18,Salaried,Single,180745.32,230,8.16,Fair,0.17,454,1
59,Female,144308.88,Salaried,Single,350664.02,93,6.6,Good,0.71,485,0
26,Female,37308.85,Unemployed,Married,200626.93,344,5.78,Good,0.57,548,1
26,Male,33279.44,Salaried,Single,476683.91,219,12.51,Poor,0.25,433,1
23,Female,105629.98,Unemployed,Single,483691.08,212,13.96,Fair,0.25,620,1
27,Female,142568.05,Self-Employed,Single,199432.92,343,7.76,Fair,0.25,689,0
28,Female,125154.85,Unemployed,Divorced,427839.84,49,12.14,Fair,0.15,733,0
62,Male,29934.19,Self-Employed,Married,387679.08,222,13.82,Poor,0.57,321,0
35,Female,56317.8,Salaried,Married,158449.97,338,13.23,Fair,0.77,424,1
49,Male,140941.46,Self-Employed,Single,119859.72,260,5.6,Good,0.11,378,0
53,Male,52897.6,Salaried,Single,231826.15,238,14.5,Poor,0.14,350,0
50,Male,121552.16,Salaried,Divorced,391767.68,59,7.83,Poor,0.56,475,1
59,Male,127267.19,Self-Employed,Married,480283.05,29,7.4,Good,0.76,552,1
47,Female,84408.77,Self-Employed,Single,382971.64,306,4.22,Good,0.36,545,0
56,Female,70225.36,Self-Employed,Married,428327.46,207,9.09,Poor,0.38,405,1
49,Male,78516.18,Salaried,Single,303516.83,198,4.75,Poor,0.58,492,1
58,Female,49505.41,Unemployed,Married,418526.88,356,6.36,Good,0.32,615,1
53,Male,135620.82,Self-Employed,Divorced,393288.32,235,7.14,Fair,0.12,601,1
57,Male,78580.56,Self-Employed,Married,191607.84,329,12.8,Good,0.69,847,0
47,Male,134719.73,Unemployed,Divorced,278235.2,348,13.57,Poor,0.6,567,0
53,Male,33740.15,Unemployed,Divorced,403352.8,240,6.98,Fair,0.56,469,0
24,Male,148475.79,Salaried,Married,27798.08,88,13.38,Poor,0.69,754,1
42,Male,77625.5,Salaried,Single,404999.24,199,13.36,Good,0.64,591,0
22,Female,26218.01,Salaried,Divorced,93054.62,357,12.29,Fair,0.26,440,0
30,Male,24942.84,Self-Employed,Married,259768.39,281,5.19,Good,0.38,445,0
25,Male,117006.94,Salaried,Divorced,405096.34,106,11.44,Good,0.2,724,1
30,Male,105674.62,Unemployed,Divorced,130641.43,321,14.37,Good,0.2,613,1
53,Female,124276.97,Salaried,Married,126674.68,143,11.35,Good,0.64,483,0
58,Male,33697.78,Salaried,Divorced,204368.38,50,7.31,Poor,0.79,427,1
33,Male,24624.21,Self-Employed,Divorced,447848.18,83,9.26,Good,0.87,586,0
51,Male,86115.31,Self-Employed,Single,5219.18,292,10.93,Good,0.6,552,1
56,Female,70387.38,Self-Employed,Single,451184.63,344,9.37,Good,0.25,685,1
